kind,seed,MI,DET,L,ENTR,LAM,TT,higuchi_fd_phase_theta,katz_fd_phase_theta,petrosian_fd_phase_theta,svd_entropy_phase_theta,permutation_entropy_phase_theta,sample_entropy_phase_theta,spectral_entropy_phase_theta,DFA_alpha_phase_theta,hurst_phase_theta,lempel_ziv_phase_theta,hjorth_activity_phase_theta,hjorth_mobility_phase_theta,hjorth_complexity_phase_theta,higuchi_fd_amp_gamma,katz_fd_amp_gamma,petrosian_fd_amp_gamma,svd_entropy_amp_gamma,permutation_entropy_amp_gamma,sample_entropy_amp_gamma,spectral_entropy_amp_gamma,DFA_alpha_amp_gamma,hurst_amp_gamma,lempel_ziv_amp_gamma,hjorth_activity_amp_gamma,hjorth_mobility_amp_gamma,hjorth_complexity_amp_gamma
genuine,40000001,0.0010552177855407,0.8981968599781313,3.8856263108572446,1.843009507050711,0.8373047801778383,2.233995706500798,1.3419768298287975,1.0064941341772693,1.0024080879039163,0.4384275288400916,0.5083406829318489,0.1290766553644097,0.7979423453466229,0.9714457401779854,0.9714457401779854,0.1395597458176057,0.0093986845367641,0.6722299605117363,2.11348718642634,1.107300917136214,1.0051367665893105,1.0071817841944062,0.3412815811744027,0.6651300925140416,0.6225212901657144,0.6925394439741918,0.6911231651734215,0.6911231651734215,0.4465911866163384,0.251741596410608,0.2897777043104796,1.4919905867919825
genuine,40000002,0.0002842592045157,0.8933852544132918,3.7399147974265343,1.7746217258043615,0.8357268951194184,2.2413596234717463,1.3905808654567642,1.0077911017887853,1.0023815077076623,0.5954151087258898,0.5072243559925368,0.1148280348853738,0.8785668656548825,0.6518098566399673,0.6518098566399673,0.1395597458176057,0.0171351140809216,0.9741294661783652,1.7365195069484618,1.108693476110407,1.0050412950206098,1.0071300021946208,0.3359714005665566,0.6635361786929667,0.6298255055161069,0.6936730792995655,0.562485642739329,0.562485642739329,0.4577559662817469,0.2437539714150732,0.2865429631131856,1.4981091193630167
genuine,40000003,0.0014533517927554,0.8885386999497403,3.820068425317368,1.8067668120671625,0.829179929636455,2.2358687672934665,1.2562699417455452,1.0052806244951749,1.0021421093297145,0.3478103367622063,0.4972229945316859,0.1494615169103595,0.7329996978162266,1.010251910428008,1.010251910428008,0.1451421356503099,0.0085491455598417,0.4755231171924799,2.544176080596441,1.102871942706504,1.0055074680113234,1.0068190007627664,0.3522605592251733,0.6543802797927846,0.6275639299868735,0.7090465702190983,0.5981007779212613,0.5981007779212613,0.4800855256125638,0.276005611237145,0.3003115845217415,1.3863377233949723
genuine,40000004,0.0001592749246383,0.8831027739552401,3.757307624581793,1.779335249524656,0.8334436983310743,2.244993798860105,1.4157798208671102,1.007982678858076,1.0028593526885123,0.5738116845062144,0.5261708842561492,0.1110042142217741,0.8644226894842111,0.997678033224056,0.997678033224056,0.1786364746465353,0.0150479094928241,0.9255149901945238,1.765476064689638,1.111995922233139,1.0055809695540712,1.0072076696782342,0.3478846554596877,0.6654427177921265,0.6405084930725053,0.6995189920543072,0.6734045167935043,0.6734045167935043,0.4689207459471553,0.236478856102428,0.3029459559084688,1.4516388160503686
genuine,40000005,0.0008260785177436,0.882037672475457,3.70995029214267,1.7595768681581905,0.8402237127188663,2.2636326821298405,1.342595073714562,1.0072023263642482,1.0023815077076623,0.4617514082047078,0.5072516156458466,0.1374813668360871,0.8058372388553643,0.909169993667409,0.909169993667409,0.1451421356503099,0.0117094340301386,0.6373036724254308,2.1387673856412053,1.1127742044261448,1.0054559361756583,1.0074404737786713,0.3456337266976864,0.6722997723750305,0.6406613284473076,0.6910358420411977,0.6225679821638418,0.6225679821638418,0.4577559662817469,0.2428838758109687,0.298546291533531,1.4524889204421885
genuine,40000006,0.0008994415845628,0.8756154578178659,3.718308003162611,1.7561949595046733,0.8404516115685382,2.2719113062200287,1.3321708014509142,1.0062513244366196,1.0025409301198147,0.4442931103671038,0.5139640513639353,0.1483665346638796,0.8204413056197387,0.9890196188362368,0.9890196188362368,0.1674716949811269,0.0079084087512931,0.7497749500514616,2.000443309865272,1.1100645021861524,1.005940279805468,1.0072594296200987,0.3458761449955433,0.6675025215922653,0.6592166650474225,0.7105815334827478,0.5733314706891685,0.5733314706891685,0.4800855256125638,0.2294930193343417,0.3123129636095476,1.4005406190434522
genuine,40000007,0.0009110731034984,0.8891942330961219,3.823119654351468,1.8137182177375009,0.8390773363958901,2.247233131024634,1.2797286047936751,1.0051513849944438,1.0019556903614857,0.3611059808810597,0.4891900227175009,0.1512020531107211,0.746197098720006,1.0897816328486554,1.0897816328486554,0.1339773559849015,0.0077751622597939,0.5230205869671359,2.418147039616769,1.1138943655994926,1.0056837380335306,1.0072076696782342,0.3395576864691105,0.6663052809782025,0.6367208690553683,0.7140217856146622,0.6008041925163748,0.6008041925163748,0.4689207459471553,0.2289244102640511,0.3058395803148623,1.4318123623164554
genuine,40000008,0.0005979862146952,0.8807496630903754,3.70992299229923,1.7639343538260328,0.8369200714561809,2.2664261970436383,1.3602096272318536,1.0069898141094706,1.0027267449334951,0.458129511808419,0.5209952469357273,0.1380360733077595,0.7964181734010778,0.9557638678478226,0.9557638678478226,0.1730540848138311,0.0112760165936918,0.6456628962878216,2.1992428817454117,1.1079662550544018,1.005585032448803,1.007543846940958,0.3440155620353469,0.6754822842201798,0.637327027062407,0.7038496952481936,0.4529528786876284,0.4529528786876284,0.4577559662817469,0.2446010371071541,0.3031117705565884,1.3970431253118731
genuine,40000009,0.0001719531561511,0.8783892253645925,3.8411359803072433,1.8112914766118624,0.8284199772748595,2.2328224435609627,1.298835689377493,1.0069573556639873,1.0024878049809298,0.3750103000078872,0.5115712586124258,0.1318193843193355,0.769256373760318,0.8801443277336802,0.8801443277336802,0.1283949661521973,0.0090670097475831,0.5177641700046892,2.332409164661686,1.104084155604444,1.0056452720835836,1.0070782054768732,0.3463756907014962,0.6619357118432849,0.6281982700867368,0.6984698097620058,0.5279284003608712,0.5279284003608712,0.4689207459471553,0.231878400227865,0.3044883233137945,1.3838983564941645
genuine,40000010,0.0003331341386693,0.8807665084519943,3.773333333333333,1.7870838188268616,0.8427013073528187,2.277580071174377,1.2583556699496057,1.0051298135037905,1.0021953364684106,0.3808766120368801,0.4989098026565012,0.1362555669316165,0.763984347108544,1.0761906736061138,1.0761906736061138,0.122812576319493,0.0087197189466121,0.5307109084321079,2.4746064464057977,1.1136177519125217,1.0056042930821556,1.0074921676833946,0.3451299505445307,0.6737981907446193,0.6447770522827424,0.7016384949023519,0.7703730305758798,0.7703730305758798,0.4912503052779722,0.2396914498976734,0.3032757573713122,1.440104157277272
genuine,40000011,0.0010863816528465,0.875959574802325,3.665089172253626,1.7310022615117753,0.8319631355710321,2.246098167835332,1.27626004347432,1.0056766078140016,1.002514369507352,0.3624770474750675,0.51221950964986,0.1253902165348996,0.7540244019209126,0.7638974877219206,0.7638974877219206,0.1507245254830142,0.0090418807514349,0.5027508215372801,2.3721111090434635,1.106380241613511,1.005770621203108,1.0071300021946208,0.3435913414351917,0.6638554591758661,0.6508370515787311,0.7032437298149957,0.6867315832555692,0.6867315832555692,0.4577559662817469,0.2307586149199354,0.3071154938249605,1.385122965849945
genuine,40000012,0.000420674045876,0.9079934610386888,3.943385063487007,1.867572037537344,0.853135348115857,2.25689573919552,1.4653700146317392,1.0083794552165917,1.0020622391160647,0.4760279968074681,0.4939873935556107,0.0965030865159859,0.8251957156767519,0.9712946599427632,0.9712946599427632,0.1507245254830142,0.0110702117048049,0.7035321796131149,2.0120805867973344,1.1144015414175277,1.004566207993575,1.0073887652167062,0.3268989442980692,0.671174607512038,0.634025933748716,0.6917921294646074,0.6223090676586699,0.6223090676586699,0.4577559662817469,0.2344148711085032,0.2715731604857622,1.6355201948292972
genuine,40000013,0.0017452017863641,0.8916810014300222,3.722808687375617,1.7610602635279398,0.8380758948001078,2.240456534988088,1.2810758853614443,1.0058822103072431,1.0025409301198147,0.4201596694252838,0.512719968428633,0.1228688268360172,0.7980047425136861,1.0424443488178612,1.0424443488178612,0.1563069153157184,0.0080135143432179,0.6774737436832677,2.233358528754196,1.106745524270951,1.0054800783502051,1.0070004827818473,0.3420386057565648,0.6602693083734161,0.630077450874285,0.6969810897896324,0.6353993634690074,0.6353993634690074,0.485667915445268,0.2423066907446701,0.2988258902422271,1.4195691911128627
genuine,40000014,0.0013686998490118,0.9026046859421736,3.906242977212459,1.8569181362046463,0.8508536889332003,2.2692888304134065,1.35679304343004,1.0065676358112454,1.0023283355508723,0.5061996792240494,0.5043627239506725,0.1159266516957082,0.8399952078545591,0.9087574105916372,0.9087574105916372,0.1283949661521973,0.0107106683404446,0.8403291960050322,1.9002681732913944,1.1137841492090543,1.0050367492361871,1.0072335514863762,0.3443199417137029,0.6668136595101571,0.6384343487517967,0.692373272869692,0.7218060424195268,0.7218060424195268,0.413096847620113,0.2680700839276219,0.2867621218229991,1.5420851943024905
genuine,40000015,0.0017027417443431,0.8791136187260105,3.7590582959641257,1.77994932473073,0.8234945571239801,2.2152368324540865,1.5720492746722523,1.0110478717417166,1.002275147699018,0.6179040889329948,0.5018401261671089,0.0972093011449705,0.8741722093028763,0.8228305188609816,0.8228305188609816,0.1618893051484226,0.0198546153960707,0.9210550210211956,1.695690385703753,1.107084129896636,1.0057504319659485,1.0071817841944062,0.3468871532490435,0.6652048360208878,0.6362447227508424,0.691972813420793,0.3787011808298537,0.3787011808298537,0.4689207459471553,0.2409719150605101,0.3076117895966216,1.3855514136774056
genuine,40000016,0.00236127944255,0.8917511704562154,3.862943931608385,1.8282407731547912,0.8374483004765804,2.224710327807136,1.3830453393238968,1.006668552357491,1.002088866456575,0.4505632653315927,0.4950727627221534,0.1277875396894503,0.8085793365117301,0.9542435289065564,0.9542435289065564,0.1395597458176057,0.0098498520004516,0.6693981600041762,1.956836521669092,1.1080700110380504,1.0054910473773355,1.0070523015955892,0.3463052741758106,0.6616626404314125,0.6250303945731268,0.7010003176621025,0.7204788635559931,0.7204788635559931,0.4633383561144511,0.2492552068476912,0.3005967731854885,1.4445703899455444
genuine,40000017,0.0011553757840169,0.8981048332482471,3.814541109832728,1.813601476813638,0.8453496004417541,2.2737781638829726,1.3860522213193254,1.0072857850630503,1.003097801325358,0.4793816189035954,0.5349764085288019,0.1269817222892493,0.8130805690531591,0.8855778603755454,0.8855778603755454,0.217713203475465,0.0115127862477979,0.7067331209349978,2.0923718624722216,1.1082229195786668,1.005155903161313,1.0072594296200987,0.3443547433196728,0.6675154488381004,0.625563637454733,0.7005667748242116,0.5993991222596518,0.5993991222596518,0.4465911866163384,0.259371383103238,0.2896827353282653,1.4690038761475197
genuine,40000018,0.0016108378193548,0.8952243549533726,3.865739695724798,1.8283677504065592,0.8415088027432777,2.2520914356061668,1.5497576164555298,1.0109381916407112,1.0022219441408642,0.6768732222548803,0.4994927479880081,0.0939704027392255,0.8990089780455124,0.8157093132726667,0.8157093132726667,0.1674716949811269,0.0240403829159408,1.064193644289637,1.550497200512,1.0988254248473703,1.0049633790994648,1.006715215494993,0.3374285345957231,0.6523968672851399,0.6264232476246905,0.6954119059735376,0.3915311682721192,0.3915311682721192,0.4465911866163384,0.2518863797362964,0.2837911807427685,1.4511363178299184
genuine,40000019,0.0016478994621462,0.8933333333333333,3.871966794380588,1.8297666564355288,0.8306656143120231,2.22111542574146,1.3986418916824148,1.0081520916657,1.00230174358753,0.5296057695879625,0.5043828960662539,0.1147218561694215,0.8347920816725413,0.9484754045071035,0.9484754045071035,0.1507245254830142,0.0134917827509808,0.7982821222991042,1.9334611708606335,1.1060566446001543,1.0052927159731553,1.0068708712229233,0.3457540213355094,0.6568049413113156,0.6240743490831197,0.7058902574921182,0.6451606291764629,0.6451606291764629,0.4800855256125638,0.2589215406611002,0.2942043756079093,1.4588404986341488
genuine,40000020,0.0017987915865976,0.8922455740759913,3.778089518214896,1.7880849062897004,0.8430582876074127,2.264488320355951,1.3089755416815507,1.0066488891229632,1.002008972620108,0.4165714749972027,0.4924079858097115,0.1180679482053137,0.7864285169074074,0.989266627538076,0.989266627538076,0.1283949661521973,0.0099629935708077,0.5697020154790927,2.308278609721929,1.1071125226467025,1.00530030335607,1.0073111748693486,0.3429374057208612,0.6691796690889696,0.6425972801378323,0.6990265681603396,0.4228537380884454,0.4228537380884454,0.4633383561144511,0.2584192599025575,0.2936696692149556,1.444977864491139
genuine,40000021,0.0017003362510479,0.8824534515253816,3.75876670636496,1.783573713053573,0.8336526313609345,2.250716432515552,1.4152267332769863,1.008220629713097,1.0027267449334951,0.5431714823960899,0.5201918981312297,0.1196296745058212,0.840210705750793,0.8775539547091512,0.8775539547091512,0.1674716949811269,0.0139963285356471,0.8252162875145357,1.89185338622533,1.115612034191681,1.0056047260073722,1.0075180091424416,0.3556672997210848,0.6745648029491533,0.6453337117834034,0.7037725088235084,0.657082030373626,0.657082030373626,0.4577559662817469,0.2622242644727864,0.303200214785951,1.4532291718237773
genuine,40000022,0.0024911283805736,0.9008449768513712,3.91297682387952,1.8511950096134715,0.8334232981086636,2.211884952338972,1.3333219563293768,1.0064943226813394,1.00230174358753,0.4038616312893839,0.5041958183657119,0.1365063521169818,0.7589207073037455,0.79908304995473,0.79908304995473,0.1339773559849015,0.0105996137325562,0.5427604540790656,2.3799285650037034,1.0959007867731916,1.005071625191497,1.0067411673585644,0.3455461380852082,0.652732667523391,0.6091284430518631,0.7007444683406703,0.5228867660667826,0.5228867660667826,0.4521735764490426,0.2781853133295357,0.2885237736757525,1.4358861196180597
genuine,40000023,0.0022060399678283,0.8945904821868933,3.846848066422995,1.8211218025732996,0.8166955244241566,2.1998699756911075,1.4551499918006872,1.008769641169328,1.0021687248651634,0.6115999102610955,0.4980988241072147,0.0980500833707534,0.8870328959871662,0.9083151526546034,0.9083151526546034,0.1674716949811269,0.0172876613545965,1.016666406691784,1.6415430918110565,1.1062825772540754,1.005386851257954,1.0071817841944062,0.3439698340536732,0.664934054672409,0.6025030496448446,0.7008321125299046,0.4627940602659475,0.4627940602659475,0.4633383561144511,0.2533203731351698,0.2982415157252688,1.4279258589046384
genuine,40000024,0.0019204172914645,0.8959424015381883,3.879592760180996,1.8344748449241923,0.8422416585681892,2.2489780543270506,1.2918892312394763,1.005131833546032,1.0024612365391496,0.3636438108579036,0.5093451503611935,0.1541241213521341,0.7674542060978641,1.057985195586557,1.057985195586557,0.1786364746465353,0.0069756291663827,0.5559319560956821,2.313800726888882,1.1094018215111476,1.0053167152257323,1.0070782054768732,0.3500764323993944,0.6626503796427867,0.6412510080563205,0.6975925686769073,0.6492329706764232,0.6492329706764232,0.4410087967836342,0.2682075980248971,0.2951033328208411,1.4706208031963302
genuine,40000025,0.004284672590151,0.8824844642257306,3.758953722334004,1.78229764873281,0.8218791988579106,2.2349389852280024,1.3381807712825051,1.0067117723484698,1.002008972620108,0.447787788153333,0.4920655881020466,0.1312571325358602,0.7936563469247256,0.9226508856989856,0.9226508856989856,0.1618893051484226,0.0107474299833413,0.6353440805529967,2.146388169085446,1.109320598000058,1.0060775805476152,1.0070263940310042,0.3613772175824634,0.6609789652638896,0.6308053658467901,0.6999833332211979,0.4975794546376781,0.4975794546376781,0.5024150849433807,0.2723706834954817,0.3173511448249168,1.346213591225096
genuine,40000026,0.0044425149387537,0.8994692869528664,3.896253471115765,1.844288107505506,0.8212863223162209,2.200557534458727,1.5401761883836516,1.0104771554619842,1.0024612365391496,0.6691479917115218,0.5108370487164902,0.0829275100669443,0.9102565752316464,0.9079431230682228,0.9079431230682228,0.1395597458176057,0.0206900279916731,1.1402839927076978,1.4731348397413615,1.11278876140659,1.0056826981283025,1.0072335514863762,0.3523183709632943,0.6666738132753754,0.6471305677450581,0.6936304769601369,0.5986589406908343,0.5986589406908343,0.4745031357798596,0.2679768586760515,0.3064508483179085,1.422593704162982
genuine,40000027,0.0035277024106705,0.8945884827767552,3.800062550263605,1.7995008639011028,0.8193584012621614,2.229359242194431,1.2975707079787953,1.0064002234336635,1.0027002116796568,0.4386126669874561,0.5200951000559618,0.1326804735479488,0.7999736784008333,1.022885977185361,1.022885977185361,0.1507245254830142,0.0106977499632516,0.6235147462879003,2.2917793595610934,1.109225888817532,1.0057473656773914,1.007104105676127,0.3527486429095915,0.6631098925709896,0.6341814119271969,0.7048975087858894,0.5052086775914818,0.5052086775914818,0.4745031357798596,0.2621897091493803,0.3082137568838555,1.3914136183075991
genuine,40000028,0.0032508233315997,0.8924178716354371,3.903366354797285,1.836519433925428,0.81743019220082,2.1957694311828413,1.4337894510225746,1.0084168567276326,1.0019823334618363,0.5382963043410376,0.4897341248637659,0.082620713910623,0.8602629473624166,0.9647911155010246,0.9647911155010246,0.1618893051484226,0.0129645104076326,0.8532039392034273,1.8482556339229264,1.1087430949747863,1.0055889858134326,1.0072335514863762,0.3521045259309274,0.6666349934345378,0.6177492212312393,0.69913399086751,0.7577647103772998,0.7577647103772998,0.485667915445268,0.2645745743435967,0.304195890288193,1.4098209722432309
genuine,40000029,0.0030906243780786,0.8798041173596209,3.76433960549041,1.7775916863587569,0.8235197263591748,2.226212184300832,1.3169774600583315,1.0063412395816766,1.0022219441408642,0.4570234149270013,0.5011443429877996,0.1321329779662268,0.8303480254193015,1.0596446760919664,1.0596446760919664,0.1674716949811269,0.0088724499184,0.7509295736145369,2.092685205945092,1.1046609559459597,1.0059789193336883,1.0071300021946208,0.3528840108257624,0.6635950850499098,0.6328118158440214,0.6873428185532224,0.6167174659220265,0.6167174659220265,0.4577559662817469,0.2553008720576698,0.313972086655214,1.350878656869298
genuine,40000030,0.0042525285462664,0.8997318251541745,3.850832923942656,1.8245377288662736,0.8229889495267809,2.226631094548432,1.3830440706410427,1.0070800316439292,1.0022485478839311,0.4915462556677005,0.5019086580591118,0.1194893773410197,0.8212395251321535,0.9707216754568412,0.9707216754568412,0.1507245254830142,0.0117910407290278,0.7462974704338915,2.04846421395616,1.1033457335444978,1.0054235654443573,1.0071817841944062,0.3626395135092436,0.6654979097926008,0.6223531710177256,0.7071431816577137,0.4825453335688975,0.4825453335688975,0.4465911866163384,0.3148685491671001,0.2977370482377126,1.4066810054289896
genuine,40000031,0.0042857500823358,0.8968277372877785,3.761463026769149,1.7827848308132808,0.8263786493659687,2.2287142633963444,1.240867981694735,1.0060556350095686,1.0027267449334951,0.3405742872643865,0.5203545626847929,0.1546018645243977,0.7405737685218525,0.8459865661829116,0.8459865661829116,0.1898012543119438,0.0091656955058792,0.4380996479815637,2.4348047567520514,1.10449520839949,1.0053580586487365,1.0070263940310042,0.3568106839559292,0.6612233512933136,0.6278728155813385,0.6897360131064602,0.7085221493425168,0.7085221493425168,0.4633383561144511,0.295226380717535,0.2959964198212537,1.426052828887428
genuine,40000032,0.0043083961451175,0.9036721991701244,3.8984158238610935,1.842812100481473,0.8288070539419087,2.2146549693013458,1.2190101461328595,1.004789109614374,1.0021687248651634,0.3297890083947399,0.4986050161263021,0.1505489254848555,0.7374318458919121,1.0404981996699,1.0404981996699,0.1451421356503099,0.0073173201968127,0.4576812236451231,2.8361132576381265,1.0980881407734924,1.0054228131549598,1.0067930599911723,0.3616649774964366,0.6536722643006453,0.610870178309307,0.6882763344836538,0.4115334087126366,0.4115334087126366,0.4633383561144511,0.3183033947698675,0.2987127510492868,1.3659847294903922
genuine,40000033,0.0045293172752562,0.8926415741192848,3.76673534698172,1.7860948623154356,0.8206987543763051,2.2413323497701865,1.342577651134069,1.0077983689376266,1.0020622391160647,0.4668899788864986,0.4934763159523782,0.1320251478960439,0.7960043904766381,0.8874634405198719,0.8874634405198719,0.1674716949811269,0.0126465560166334,0.6358301768543405,2.2008077791460194,1.1086831926807692,1.005722618419991,1.007104105676127,0.3611443366807802,0.6630677844219742,0.6245208492001505,0.7082145063978424,0.4753990132932479,0.4753990132932479,0.4800855256125638,0.2850160636188645,0.307710000063343,1.3828660623410771
genuine,40000034,0.0037472645162406,0.894711020573586,3.831597697999452,1.816247817025751,0.8219835539296723,2.2492667337915333,1.2893427939479274,1.0062067757423878,1.0027002116796568,0.4447640255461226,0.5200206700367815,0.1397415403986773,0.8005205531965457,0.755804489964038,0.755804489964038,0.1730540848138311,0.0096169489097486,0.6744121586737394,2.2535110635583715,1.10422043211766,1.00559257153214,1.0071817841944062,0.3544819233083698,0.6654296126575665,0.6060898816975427,0.7057777625173125,0.7193973322290238,0.7193973322290238,0.4465911866163384,0.2694424146089456,0.3033676516264263,1.401472394004278
genuine,40000035,0.0035924229075541,0.9067154785381614,3.913923477473398,1.855476940987305,0.8308332983678094,2.2346833693060786,1.2657355183692456,1.0061998816653548,1.0019556903614857,0.3604626596311076,0.4897759806868142,0.1329588806753083,0.7541977804135948,1.07641557874429,1.07641557874429,0.1563069153157184,0.0095667761493309,0.4640884968032348,2.5062449681275325,1.1068386801497336,1.0050587256402312,1.0072335514863762,0.3522094700324548,0.6667511010754489,0.6232639895264592,0.6881967923807019,0.6112348847919009,0.6112348847919009,0.4800855256125638,0.2908101096458896,0.2883591487609437,1.462836629257208
genuine,40000036,0.0024588823099949,0.8893038620559056,3.788928731510533,1.796743789767737,0.828821815197837,2.225543094437696,1.3770711904657875,1.0072608697876275,1.0022219441408642,0.4883522892173336,0.5006485087943937,0.1375393970261897,0.8330393560333788,0.8516619486959008,0.8516619486959008,0.1507245254830142,0.0111970485615499,0.7543561336014459,1.9945405391720348,1.1027620670886933,1.0056107551415372,1.0070004827818473,0.3511918007271165,0.6604525051002987,0.6381905388891553,0.6964202092018535,0.4770330677873346,0.4770330677873346,0.4689207459471553,0.256995428502836,0.3043600357146369,1.3925718713628523
genuine,40000037,0.0092590161076712,0.8832271092320313,3.77637377462002,1.787719003189175,0.7794798174207526,2.1600169037071577,1.2688810303193974,1.0055641564365971,1.0024080879039163,0.3772003424187216,0.508543351307055,0.1356192757093638,0.7643828046616485,0.8736024318476786,0.8736024318476786,0.1507245254830142,0.0084257383292292,0.5450207271289692,2.568583378208156,1.1120552875326652,1.0066927985381244,1.007337041987406,0.3814151661166107,0.6694775192108957,0.6271190086848489,0.6901116769293975,0.4032578878506516,0.4032578878506516,0.5135798646087892,0.2995043338711864,0.3349464826123405,1.2900524163443687
genuine,40000038,0.007813561336582,0.9017401819042112,3.8285714285714287,1.8183380726215157,0.7951422112402082,2.1818234275822275,1.2756215998914882,1.0064043349601013,1.0024612365391496,0.3647133121436838,0.5106455972209636,0.1395617820412815,0.7517549885477843,1.0146849443016486,1.0146849443016486,0.1395597458176057,0.0103276118747432,0.4685921256830851,2.40010656785545,1.106242792707516,1.0057700620018213,1.0070523015955892,0.3629738086066968,0.6616734781971823,0.6277862599926003,0.6899274599461795,0.7981404057525746,0.7981404057525746,0.4465911866163384,0.2941093390547954,0.3078866506563223,1.3922853582084274
genuine,40000039,0.0058793304205492,0.8925033852583991,3.8686971391597726,1.832269774788401,0.8067737154676987,2.185282522996058,1.3105372425263402,1.0057880166415043,1.002753274284534,0.4161120530475584,0.5221913633533406,0.1511042299269905,0.7940505604298502,1.066144487906612,1.066144487906612,0.1674716949811269,0.0079747020479506,0.6711798925775767,2.206198120479256,1.114057317293509,1.0060824806245137,1.0076729810696052,0.3753787442703645,0.677349310730066,0.6305691985145219,0.6995979888729367,0.4684841391647514,0.4684841391647514,0.4968326951106765,0.3117146397065355,0.3179150830292385,1.3663165648206623
genuine,40000040,0.0083591809947051,0.899036913135175,3.8650676671579793,1.8321153970664736,0.7985309548793285,2.1851030561478324,1.4327822495153797,1.0080386219095678,1.002514369507352,0.6028135547647951,0.5129110840063787,0.1032107435555567,0.8823543038053467,0.9075934146710244,0.9075934146710244,0.1674716949811269,0.0152726631477411,1.019024591012491,1.6455766286244458,1.1073355941418204,1.0060102241114588,1.0070004827818473,0.3681587521879874,0.6604499908608645,0.6230992101096781,0.6897049460627642,0.5979602602586677,0.5979602602586677,0.4689207459471553,0.2941853384569353,0.3154874008619661,1.364559307235264
genuine,40000041,0.0086963593885629,0.8974134425921871,3.860737351991389,1.828886655436616,0.8014522670169623,2.190718417827933,1.239438685241502,1.0048232170168814,1.0022219441408642,0.3513353663613299,0.5008502046379129,0.1310554263544139,0.7308086861082961,0.8547069353133147,0.8547069353133147,0.1339773559849015,0.0075232758880496,0.5052610469445636,2.5849412104508924,1.1081033724204077,1.0062509210865902,1.0073111748693486,0.3712108978606817,0.6688944617097232,0.6176785637672241,0.6958736455856468,0.5887929796218578,0.5887929796218578,0.485667915445268,0.3056831657475903,0.3215622578075393,1.335805823836837
genuine,40000042,0.0063775469108071,0.9047724914776938,3.977058029689609,1.8790533897800048,0.8077346545554638,2.173889506225603,1.5143947502553163,1.009348503518136,1.002594039608451,0.6329548000511777,0.5160590877817691,0.084324059198178,0.8962774176226929,0.8465613060800876,0.8465613060800876,0.1451421356503099,0.0183375357004843,1.0539387878825246,1.5716091316593093,1.110634600463059,1.005751662818589,1.0075180091424416,0.3658338664197813,0.6744839458506947,0.6195883298257725,0.7025170811892427,0.7356501314976875,0.7356501314976875,0.4633383561144511,0.285147120327804,0.3077826640487962,1.4025253444624033
genuine,40000043,0.0064596606292704,0.8902029524191675,3.811383878113839,1.8054734862753092,0.8082881037359295,2.186137171743135,1.2224409985054416,1.0050756546465027,1.0022485478839311,0.3026765341158969,0.5012378299546242,0.1613660755385533,0.7244725459029678,1.2433417839201104,1.2433417839201104,0.1339773559849015,0.0088751648839586,0.3868608491466329,2.559720893487248,1.106063119593144,1.0059051955335876,1.0072076696782342,0.3667237025908073,0.6658382377334235,0.63182171871799,0.6883098650551431,0.6422614120499791,0.6422614120499791,0.4633383561144511,0.2902599149730366,0.3121597417467058,1.3620488360695846
genuine,40000044,0.0088175975364571,0.9154139555754992,4.08505769047392,1.9283330090411412,0.7798273448935329,2.130427168313364,1.3445114325147407,1.006818995149556,1.0019556903614857,0.3799158679462244,0.48955209635337,0.1092832603869363,0.7865557968026932,1.0274747885154456,1.0274747885154456,0.1339773559849015,0.0082980609558734,0.5606568266922353,2.283333109712998,1.111201254879612,1.0056375359867,1.0071817841944062,0.3691609360496781,0.6649320399216271,0.612448893576966,0.6920543029409087,0.7000613666925957,0.7000613666925957,0.485667915445268,0.3209034777595436,0.3059264972126988,1.4229341694361748
genuine,40000045,0.0114271171164167,0.8947905158494094,3.918678762502908,1.85511576650738,0.7753409960057789,2.1406783886436624,1.424422933881862,1.0090825471553524,1.0027797997341648,0.5253744508437636,0.521093035403316,0.1059161159932439,0.830633262330139,0.97611983339103,0.97611983339103,0.1395597458176057,0.0147935713986506,0.7399561181579399,1.9802229045210695,1.1085958320585405,1.0062392242219396,1.0070523015955892,0.3797315399909982,0.6618119520559991,0.6285862011386353,0.703492664245977,0.5023374932170344,0.5023374932170344,0.485667915445268,0.3418924898064049,0.3211600774418888,1.340115562943819
genuine,40000046,0.0072630150254773,0.8931734568742336,3.800169461291474,1.8022241444362004,0.8004863374804784,2.1975972951586216,1.388520836682339,1.0079217366934463,1.0024878049809298,0.4680705857509429,0.5114141906554033,0.1286018220192402,0.8078803284900958,0.955508275341142,0.955508275341142,0.1563069153157184,0.0121149545800506,0.6525952407813185,2.1019424125547834,1.1081424607670438,1.0060996492738643,1.0071817841944062,0.3655079561392172,0.6649444880301955,0.6305440457281741,0.6974805046908974,0.5242857617068707,0.5242857617068707,0.4800855256125638,0.2823834278893194,0.317047535146482,1.3612673695961823
genuine,40000047,0.0079307910038745,0.9027686873409172,3.966948185345812,1.876005254691188,0.8006493169186016,2.17600553414369,1.4179457749791735,1.0077568528893217,1.0021687248651634,0.5301849893295382,0.4988223107589156,0.108150875877867,0.8531298386922999,0.8327585135000152,0.8327585135000152,0.1618893051484226,0.0118576380447634,0.8856172630164997,1.8050901149969885,1.1099054524131535,1.0057611023328894,1.0072076696782342,0.3711154173764697,0.666208788948855,0.611094721658194,0.6932053739856308,0.5949532927084648,0.5949532927084648,0.5024150849433807,0.3180414623436535,0.3092697196237602,1.390029627058048
genuine,40000048,0.0062180130129332,0.9001933552330659,3.8243607295853024,1.8162057236974167,0.812788473533203,2.227296034639927,1.209341658194134,1.0045604708887277,1.0027797997341648,0.301411912600962,0.5230511455638513,0.1703061940410731,0.7228492068017341,1.2776398127306192,1.2776398127306192,0.1674716949811269,0.0080554948448875,0.3888724812388974,2.7448337361024837,1.1123713934126056,1.0059182228625734,1.007595511561432,0.3704587390279691,0.6766102625247624,0.6228988320488057,0.6980653028947764,0.5445706793204818,0.5445706793204818,0.4689207459471553,0.304829833996591,0.3123757355451092,1.3782997749966868
genuine,40000049,0.0096063597941066,0.8889486846687138,3.81138307017147,1.8097565419098527,0.7882068652590036,2.17995038669196,1.3079634458602398,1.0065470856146097,1.002434664180612,0.3974442767262552,0.509435587801458,0.1250800107866952,0.7795199486846502,0.925352701536864,0.925352701536864,0.1730540848138311,0.0095689065276029,0.5505595670219439,2.2594293823876006,1.1150694198422852,1.0065839765501674,1.0072076696782342,0.3795195125630022,0.6653597819567625,0.6432677332322594,0.7075947908043028,0.49579839841507,0.49579839841507,0.4968326951106765,0.2980107481541417,0.330353182892939,1.3235107066187872
genuine,40000050,0.0157358758466333,0.9073475768629494,3.912984853251832,1.8515402996838508,0.7557217300677436,2.1311241734019104,1.281277064325114,1.0064811753243772,1.0029388705802076,0.3850278612344131,0.5276754429344109,0.1495540982205267,0.7666901437161597,0.8066260065879469,0.8066260065879469,0.1730540848138311,0.0093845196176123,0.5289456838049083,2.3551414275322453,1.1156581752377797,1.006592488420904,1.0074921676833946,0.392733262708096,0.6726671067582491,0.6282216743368378,0.7090932671645269,0.6561547979288382,0.6561547979288382,0.4968326951106765,0.3649771724501168,0.3321419258655932,1.327868045749443
genuine,40000051,0.0163108308718218,0.9026554267650158,3.861953924530003,1.8335868153036807,0.7605900948366702,2.1461703139866795,1.3365360985962351,1.006504830033602,1.002008972620108,0.4443046571092101,0.4922516886014553,0.1271355038735987,0.7871325352679345,0.8596111750421863,0.8596111750421863,0.1172301864867888,0.010843207137622,0.6426751559224552,2.2286042101706176,1.1128838649060893,1.0066266949508076,1.0071558950336243,0.3919044324574166,0.6646937398700683,0.6168760588549793,0.699510131203114,0.6905830415100903,0.6905830415100903,0.4912503052779722,0.3652753361269192,0.3327152456899583,1.3166860927337103
genuine,40000052,0.0100931696744308,0.8995560091860169,3.866035004605869,1.8290067803770995,0.7924521561622863,2.178923735353961,1.4538839220558035,1.0077020026079286,1.0024080879039163,0.5934169150377259,0.5085831110296155,0.0911862085354852,0.9007904323790348,0.9102150994947492,0.9102150994947492,0.1451421356503099,0.0140827057589205,1.0635401153760136,1.5809145037134078,1.111858509357506,1.0062461465786794,1.0072594296200987,0.3807899307235694,0.6676327455045987,0.6214551809006232,0.7035211960816321,0.6284319032939796,0.6284319032939796,0.485667915445268,0.3061372568034597,0.322517842296626,1.35331097660124
genuine,40000053,0.0139688398407255,0.896404889519734,3.867202851528584,1.8304524874576416,0.7664978920831303,2.166364793054412,1.331535434927474,1.0063943463183287,1.002008972620108,0.4096969373679208,0.4923502596539604,0.1357955316520215,0.8004170021345249,0.8293015669775876,0.8293015669775876,0.1451421356503099,0.0082369394664341,0.6262345689208926,2.200618001190706,1.1168626708797598,1.0069955609029568,1.0073111748693486,0.3874404736598726,0.6691048843099545,0.6486421208977876,0.6996278567430757,0.6146861023011477,0.6146861023011477,0.4800855256125638,0.315169428006016,0.3412087180926257,1.30767791390335
genuine,40000054,0.0157828592362887,0.9122655182840996,3.945922785495219,1.8745077116335995,0.7658519545791059,2.1507635543712205,1.2420498129583892,1.005010477190576,1.002088866456575,0.3548573311675277,0.4934903523052005,0.1350464020474166,0.7330423414767908,1.0532160318372137,1.0532160318372137,0.1451421356503099,0.0085034992211367,0.4873391273374556,2.55821597026885,1.1121826577840712,1.0063963706521526,1.007337041987406,0.3924129359883673,0.6697865893452498,0.6141946288866669,0.6944611011659607,0.6895179181969887,0.6895179181969887,0.5079974747760849,0.3867281707189602,0.3260026694016268,1.3273456851447925
genuine,40000055,0.0148475226829022,0.9046286823809424,3.93721035892776,1.8631029757770168,0.7672870952251707,2.150078249550248,1.3995771511218136,1.009224961916268,1.003097801325358,0.5312712779808066,0.5350232700602259,0.1035281183962963,0.8390216997418238,0.8566417735675421,0.8566417735675421,0.1674716949811269,0.0149622026064569,0.7611326032383704,1.985110764996572,1.1076732555064797,1.0063740290732452,1.007337041987406,0.385660200422239,0.6689802482325551,0.611162504096847,0.7021737780990153,0.5118633807500852,0.5118633807500852,0.4689207459471553,0.3610838992080272,0.3256626434505791,1.3072895597094494
genuine,40000056,0.0170994998729332,0.9079612224015527,3.98536833819512,1.8858617420218151,0.7587898351213646,2.134387703628972,1.4959858498418983,1.009312762185569,1.0023549235904488,0.6281016521540036,0.5060755285656798,0.0910524001000278,0.8968397013945059,0.8169920606649135,0.8169920606649135,0.1563069153157184,0.0178286530438474,1.02552552861884,1.6206121855840236,1.1079784107614303,1.006369029305764,1.0072335514863762,0.3997877399515629,0.6667339767191162,0.5997902385800336,0.6961243609926395,0.5016423374317653,0.5016423374317653,0.4689207459471553,0.4180647960084226,0.3276267756379356,1.31046227993918
genuine,40000057,0.0157469042925802,0.90699456381051,3.9260006274931647,1.8495345702497572,0.7575304167745276,2.1209973182575923,1.307343211984335,1.0067096065367307,1.00230174358753,0.4047499413074811,0.5037547759302721,0.1280918471713825,0.7761102991011796,0.871216588268097,0.871216588268097,0.1339773559849015,0.0099112428256761,0.5718203925298411,2.334250295524467,1.1099049361198914,1.006390013056901,1.0074146213304744,0.393711130411045,0.6718925884263457,0.6116851844824538,0.6984745639321581,0.6070048484760928,0.6070048484760928,0.5135798646087892,0.3774285124730475,0.3262818532598956,1.318234386796301
genuine,40000058,0.0128189882392346,0.9146990338316948,4.0786939159032185,1.9191248035098945,0.7887178514608423,2.1576330542304976,1.2877510690573328,1.006296486553956,1.0029388705802076,0.3755844460248915,0.5286873439616124,0.148874561715232,0.7837437307886101,1.0169244288863306,1.0169244288863306,0.1786364746465353,0.0073197766279639,0.5662560369729732,2.2882687130897774,1.1097897047777323,1.006015581420511,1.0071300021946208,0.3831622064183979,0.6640982998068964,0.6285441655585312,0.6884806059478737,0.5869204603956043,0.5869204603956043,0.485667915445268,0.3493408509964971,0.3176437435523132,1.3454165652945138
genuine,40000059,0.0144657317712132,0.91450339791482,4.024239609937311,1.9058323960017816,0.760473386518087,2.1339778801024565,1.1162828240564704,1.0023150366490448,1.0027797997341648,0.1407865941879301,0.5230870748878088,0.2229383731151391,0.6388963570163816,1.3125229373309684,1.3125229373309684,0.1730540848138311,0.0043353671478134,0.2474876158045491,3.2004266266461685,1.1164051135498825,1.0065298778869285,1.007543846940958,0.3831613993926034,0.675385431771464,0.6246976770634531,0.6962421784811075,0.5591163397296605,0.5591163397296605,0.485667915445268,0.3226181391113648,0.3297644369538096,1.3288140540009925
genuine,40000060,0.0155673521466419,0.905696928859456,3.99944209400716,1.8917777464702563,0.7773712637264295,2.157198159374772,1.3108417253672635,1.0063547238155943,1.002514369507352,0.4853702692639869,0.5127975609715298,0.1354182402906693,0.8183200630939909,1.024852108375206,1.024852108375206,0.1618893051484226,0.010594225673035,0.7628307528337701,2.0813648310941395,1.1116015822595346,1.0061783516132077,1.0073629054361042,0.3976174282591136,0.6695695392444428,0.5801958492601528,0.6940352218268905,0.7011743344671535,0.7011743344671535,0.4689207459471553,0.418357848778308,0.3239866060709703,1.316658713871975
artefact,40000061,0.0001829016825898,0.8915219910428128,3.7873869079297497,1.7930103952230123,0.8348401173412396,2.2481059274981376,1.3533888808038264,1.0069518513198654,1.002275147699018,0.4784738153078934,0.5030483874085563,0.1243835829962174,0.8131844959098983,1.0108695707726714,1.0108695707726714,0.1563069153157184,0.0113821660486861,0.7179737607468064,2.12024889110121,1.1011433332270246,1.0051468580160603,1.0069745678468454,0.3409633313694518,0.6591446869861659,0.611590222732679,0.6972752159560127,0.6631617398501206,0.6631617398501206,0.4298440171182257,0.2673506126024508,0.2901451198238323,1.4476546358977778
artefact,40000062,8.764236475354593e-05,0.8888371419109125,3.8287637644331514,1.813042877780929,0.8441898493128002,2.265868496347121,1.5031575352969877,1.0092535724394538,1.0028328389347645,0.5775015087102702,0.5248759568579863,0.0979334507560877,0.8663539719394432,0.9630226158767684,0.9630226158767684,0.1451421356503099,0.0156144705751977,0.9060184904921268,1.7524340513619412,1.1074553554514557,1.0052377281445355,1.0071300021946208,0.3272437801555234,0.6640979697584976,0.6288251921411656,0.6974038019649927,0.7520744975249791,0.7520744975249791,0.4633383561144511,0.2140426239162215,0.2920513612766452,1.4771107689831922
artefact,40000063,7.475247541377973e-05,0.8921812272987957,3.866255522827688,1.8314901800115124,0.8427589795875019,2.245211215799451,1.434582476170685,1.0075019699979044,1.001875737393807,0.5615325686426618,0.4863760973597117,0.0889757622364091,0.8754789341685316,0.8987121640484129,0.8987121640484129,0.1060654068213803,0.0132291288196376,0.9885252218660862,1.702520887253134,1.1055686770751478,1.0051235331390214,1.0072594296200987,0.3351234730183343,0.6670377017563889,0.627356475074862,0.6924730498323031,0.7030140037117002,0.7030140037117002,0.4577559662817469,0.2553381011282256,0.2891722937792678,1.472719128778782
artefact,40000064,0.0002747915645079,0.8871155114129923,3.808203791895049,1.8006563731774563,0.8489099833593234,2.2923172575562747,1.3822680523665654,1.007802162883111,1.0022219441408642,0.5471621755622822,0.5010302892319722,0.1171898580017617,0.8455294095248017,0.9293498077077984,0.9293498077077984,0.1898012543119438,0.0136731439202567,0.8379836477195838,1.9063977875768396,1.1127307012782135,1.0053410513164518,1.0074146213304744,0.3362031233439918,0.6719442069364443,0.6235999773796499,0.7070340139487447,0.6383452362615383,0.6383452362615383,0.4689207459471553,0.2323802452137701,0.2958807071719335,1.459106759372963
artefact,40000065,0.0001338803392284,0.8698902297103197,3.6961421952957942,1.7480596232649228,0.8320105681425022,2.2343980966593,1.288649228037859,1.0062558783173032,1.00230174358753,0.3959386901273535,0.5037689140023051,0.1373157423217942,0.7803527495348072,0.9802689234380816,0.9802689234380816,0.1563069153157184,0.0091961791811185,0.5517637287930772,2.432776084760408,1.1109896844284544,1.0058237178806082,1.0074404737786713,0.3470244714207021,0.6719223195113441,0.6485649669448089,0.7002331034752209,0.6385026258100331,0.6385026258100331,0.4745031357798596,0.2392823863719574,0.3083164351342248,1.4065430455202723
artefact,40000066,0.0001595746178612,0.8957046722603177,3.868343603421319,1.8327177671438972,0.8389145619489757,2.24296471325068,1.4834084857201657,1.008841168831577,1.0024080879039163,0.5682630831338601,0.5086120931838882,0.0981589967888862,0.8758654666778617,0.8323128862637329,0.8323128862637329,0.1395597458176057,0.0141104502362217,0.940169985976336,1.699540633030172,1.1101828929943782,1.0049103917722595,1.0074921676833946,0.3334080354654492,0.673830422246516,0.6279775108482621,0.6888113459130414,0.7977083683410041,0.7977083683410041,0.4745031357798596,0.251900653227577,0.2825796612441978,1.5201950500438248
artefact,40000067,0.0001966086569579,0.8809506352581358,3.7230312956487097,1.7671807039878271,0.8389597058854336,2.2554557485991045,1.388731626106914,1.0071076017775151,1.0026471334580116,0.4579002017758272,0.5170119046362233,0.1184634550684014,0.8241920920198521,0.8413428906837435,0.8413428906837435,0.1395597458176057,0.010214147014355,0.6959516825775488,2.0289466166147423,1.1125453763856807,1.0054294861508877,1.0073887652167062,0.3294202593734703,0.6708817886639298,0.6488409814986446,0.6992749876830722,0.4796496817320964,0.4796496817320964,0.4577559662817469,0.2176901061397495,0.2975022437494243,1.4536260627074886
artefact,40000068,0.0002446951449719,0.9108468145430288,3.9864507299270073,1.881630563361168,0.8589163609072715,2.2583350462487157,1.1798397323173244,1.0037437127350803,1.002806321283778,0.2313199967530662,0.5238130251178941,0.1908020423614278,0.6910392704504407,1.0522952970368562,1.0522952970368562,0.1898012543119438,0.0050585852622599,0.3499399503472455,2.713002795164837,1.1112174862985642,1.004606239387846,1.0072076696782342,0.3283745415408406,0.6658777030524915,0.6279222615134525,0.6955195823471009,0.6580781523210779,0.6580781523210779,0.4633383561144511,0.2614171957611536,0.2729029516699384,1.5842434077246288
artefact,40000069,0.0003212148362533,0.8805237147013609,3.7243290421121538,1.7667212103923515,0.8368653467185292,2.2558230083573205,1.3077715697906414,1.0066146327495122,1.0020622391160647,0.4186589687729478,0.4942153096316943,0.1149112954271603,0.7709347106688481,0.6565276786287307,0.6565276786287307,0.1339773559849015,0.0108561109997175,0.562412271975853,2.302155880710001,1.1095195977147163,1.0056177340141643,1.0072335514863762,0.3425752683397914,0.6665501032167896,0.638841329619412,0.7105497822338948,0.6415462072948543,0.6415462072948543,0.4465911866163384,0.236899628905492,0.3031260560662188,1.4260948088429188
artefact,40000070,0.0003200369590229,0.8872841645805251,3.72972972972973,1.7695420115725695,0.8291182574833643,2.218402484578724,1.2465525624702678,1.0045017399169187,1.00230174358753,0.3607818390007231,0.5031891789970553,0.1439219130929158,0.7297175657723269,1.1307436678601004,1.1307436678601004,0.1395597458176057,0.0078805655209419,0.533945222081544,2.7384217764786576,1.1048311422097743,1.0051456853263168,1.0071558950336243,0.3305395678779997,0.664639428166468,0.6288186915807725,0.6971966580866907,0.8641541415382434,0.8641541415382434,0.4745031357798596,0.2309968416142377,0.2886156423449351,1.4666919971728354
artefact,40000071,0.0001952089233561,0.8848116995820111,3.729169371943038,1.7710417887449297,0.8481529408140001,2.298510993598664,1.4140742604101215,1.0077057475342202,1.0019556903614857,0.6039855823384577,0.4899004693917232,0.107414303980961,0.8938376175121278,0.9143348188198882,0.9143348188198882,0.1674716949811269,0.0151910446498378,1.0491272426874771,1.6197709070153927,1.1157074499540196,1.005500629285354,1.0074404737786713,0.3365300372214149,0.6724224593164545,0.6434610893213986,0.7131944244135779,0.7140969674485115,0.7140969674485115,0.4689207459471553,0.2203658674745593,0.3001056499814433,1.4764377527514447
artefact,40000072,0.00022676532798,0.8785773884021694,3.742081648971614,1.7729086493425326,0.8367073425114727,2.245238661647612,1.2819856341466915,1.0067171393229322,1.002275147699018,0.3617494631075683,0.5029244390955263,0.1226575671720938,0.7693239046947888,1.1936803833036844,1.1936803833036844,0.1842188644792396,0.0090458120995536,0.4858502730769466,2.3398464875807066,1.1152329163212489,1.0056924861712244,1.0074146213304744,0.3398268524912407,0.6711376289736964,0.6465535221750629,0.6990584924824954,0.7100351975015825,0.7100351975015825,0.4745031357798596,0.2246146546550843,0.305359970945425,1.462910595241241
artefact,40000073,0.0010016965707577,0.8727335358406664,3.668743692132169,1.734460084274501,0.8290691969644777,2.2504179299011136,1.4063250120864628,1.0079647248308203,1.002088866456575,0.5007731034438707,0.4954498389076517,0.1054397789752707,0.8347562679226938,0.6898761733879366,0.6898761733879366,0.1730540848138311,0.0117149109000507,0.7621088795811367,1.993249886364864,1.1108931829635806,1.0059345947823508,1.0070782054768732,0.3437253891816382,0.6626270482186613,0.65197507198932,0.6931466316740656,0.6577973312255273,0.6577973312255273,0.4800855256125638,0.2383558093315448,0.3113643303431657,1.400359783143766
artefact,40000074,0.0009173842996801,0.8847320313565814,3.837369139736004,1.8203675000492157,0.8322139551479153,2.2375920544002708,1.4715020671042542,1.0084087250209994,1.0021953364684106,0.5962431141829464,0.499769085296195,0.1069511930488643,0.8977510230469926,0.8236281417378568,0.8236281417378568,0.1674716949811269,0.0151720406631968,0.9926693189607584,1.65310377961209,1.1184733962751414,1.0054905389018198,1.0077762226111622,0.3475562334606288,0.6816054125901218,0.6343076615981177,0.7036714810346656,0.5468272933507987,0.5468272933507987,0.4633383561144511,0.2702273557378515,0.3000574258114001,1.4740018950209264
artefact,40000075,0.0003421433082623,0.8868767291081497,3.797142727971427,1.802892420912107,0.8383455470845389,2.2372733292942386,1.3059613219464845,1.0062728369122746,1.0021154898606548,0.4182927227608837,0.4958252561252387,0.1442745866350474,0.7738132158697936,0.9858649472604144,0.9858649472604144,0.1674716949811269,0.0098286290614817,0.592913933049916,2.366188755159625,1.1128487230353632,1.0053451513250975,1.0074663225625575,0.3371126842575547,0.6726726991921285,0.630737137807285,0.6982821187313988,0.6892635664859902,0.6892635664859902,0.4465911866163384,0.2459278673204399,0.2958140623070676,1.472056690730518
artefact,40000076,0.0009534153781962,0.8900540298602897,3.8123060069381047,1.7997616602837374,0.8255645427709752,2.20541471538582,1.233967721607914,1.0055936768013238,1.0024612365391496,0.3333641712091609,0.5106394535587984,0.1261903613608803,0.7496426539407904,1.2840747737839402,1.2840747737839402,0.1563069153157184,0.0077649505532485,0.4677873381102026,2.5614355240186333,1.1110141849444015,1.0051217294892725,1.0072335514863762,0.3377374458212199,0.6668183164684205,0.6287639066057396,0.695779206943707,0.590513077661378,0.590513077661378,0.4912503052779722,0.2673750882591106,0.2895501444135714,1.4738320219363696
artefact,40000077,0.0003962003089186,0.8801077071371695,3.769903958352033,1.783042036656742,0.8302355307824484,2.2331788014147422,1.4336380678201144,1.0082803289198168,1.0025409301198147,0.5381485207760697,0.5134443808125573,0.1193077431386767,0.8602652155641112,0.953001557599007,0.953001557599007,0.1842188644792396,0.0128599516967794,0.8626469248058921,1.8055509707108568,1.1082008139787047,1.0055314211501674,1.0073111748693486,0.3406413346518392,0.6689888682455727,0.6415608765926967,0.6959277597828201,0.5330855780539545,0.5330855780539545,0.43542640695093,0.2399464764757761,0.3008560141051802,1.428221651675878
artefact,40000078,0.0014669671406212,0.9051822235891128,3.837788499152432,1.8228460715297703,0.8460607924547645,2.2448929630334846,1.4968247738858538,1.0094638150037338,1.0023549235904488,0.6380328521379525,0.5065207362337358,0.0916018492798539,0.9073467329203648,0.8158174047445584,0.8158174047445584,0.1563069153157184,0.0177227800051652,1.1137314852735658,1.511043070598613,1.1055858596011996,1.004861185935512,1.0072076696782342,0.3376813989327861,0.6659103269571728,0.6375803753950127,0.69136543563503,0.527596918179818,0.527596918179818,0.4689207459471553,0.288109937658262,0.2804668972423686,1.5062259171433217
artefact,40000079,0.0007540107570018,0.8772385723231059,3.7957552494919846,1.7950207322222351,0.8205802546441244,2.206637199186136,1.4030321691805046,1.0074729401377358,1.002753274284534,0.5128185529130141,0.5214986805565875,0.1207810671789024,0.8302186054541486,0.9390808222588716,0.9390808222588716,0.1618893051484226,0.0121254402266382,0.800979047744289,1.9135894654070067,1.108284220261914,1.0057355031927255,1.0073111748693486,0.3366105943439932,0.6686720004410759,0.6360234403676279,0.695924487060514,0.5353148808527264,0.5353148808527264,0.4633383561144511,0.2371498182955492,0.3061598680307554,1.3932014645720234
artefact,40000080,0.0003943206466926,0.8863581446656511,3.76508389860764,1.7837041139632552,0.8370173871933603,2.2528347235967763,1.4175204595173383,1.008990071769151,1.0024878049809298,0.5422278846723949,0.5114849156827665,0.1135169413853317,0.8464016679482943,0.9479034758620374,0.9479034758620374,0.1786364746465353,0.0147846800258135,0.8180627089049068,1.887496564738265,1.1078415506529962,1.005275008638976,1.0072594296200987,0.3453130003293131,0.6676125471107653,0.6395206122553637,0.6945175249937375,0.4870084300104181,0.4870084300104181,0.4745031357798596,0.2677536476862306,0.2931860055849846,1.4685187396672952
artefact,40000081,0.0009776888171336,0.8883038891059787,3.788273472788668,1.7938683588239446,0.8350831910824096,2.237087132585879,1.47145659367749,1.0087982065889018,1.0023815077076623,0.6057401003177725,0.5072494843012427,0.1121735187957767,0.8959271216256919,0.7183122803994989,0.7183122803994989,0.1786364746465353,0.0159003085309221,1.0456911810188028,1.5950821251317158,1.1064387138774765,1.0054176926092795,1.0072335514863762,0.3344706629944701,0.6667478343536319,0.6330790251109177,0.7025933086274196,0.6532794873219552,0.6532794873219552,0.4745031357798596,0.2363825685312291,0.2973282347532218,1.4491590896989468
artefact,40000082,0.0011552256942812,0.8855242392467139,3.826315789473684,1.8113589642453136,0.8302405389088368,2.218761056937034,1.452930384119692,1.008422194113042,1.0021421093297145,0.5712700122672406,0.4977333916159843,0.1118055184657377,0.8801101647422681,0.775452834808473,0.775452834808473,0.1730540848138311,0.0130652124084474,0.9689807778183854,1.679049607728394,1.117075913811873,1.0054584512212856,1.0076987969313431,0.3391028387103728,0.6793163289805694,0.6339112032143098,0.7038340733256689,0.6076600760444416,0.6076600760444416,0.4745031357798596,0.2434450426144132,0.2993953856567042,1.4704717491801813
artefact,40000083,0.0002959789234371,0.8871961832217377,3.7393630793130233,1.7730377680762217,0.8584628457931487,2.308504487638346,1.4126870920295584,1.0085003225288438,1.002514369507352,0.5778767692306618,0.5129621124156771,0.1009560102373942,0.8692696097229052,0.8994094002339769,0.8994094002339769,0.1451421356503099,0.0150852378072414,0.8979818118886151,1.813391737597132,1.1076249004930998,1.0051750156663914,1.0072335514863762,0.3267022442932374,0.66678809951919,0.6428113724730304,0.69507048945955,0.5504215475423611,0.5504215475423611,0.4577559662817469,0.2286176746392592,0.2899418109708792,1.4798752743147914
artefact,40000084,0.0014815090719136,0.8815388960366524,3.735472718407872,1.7736715653723885,0.8168429200531375,2.220702402957486,1.2613092506407833,1.0052334615091232,1.0019556903614857,0.3727762880782256,0.4896921244818877,0.1756612419315747,0.7766589312767501,1.0518381949110545,1.0518381949110545,0.1898012543119438,0.0074140015071976,0.5820484686597888,2.347596438176563,1.1144902058168342,1.00581918179281,1.0073111748693486,0.3450236755851521,0.6691048843099544,0.6384649342080119,0.7110645372525302,0.6239206335802936,0.6239206335802936,0.4800855256125638,0.2478091129198365,0.3087460238156577,1.4289166546194043
artefact,40000085,0.001411768417259,0.8756826212656601,3.765864527629233,1.7809773184502022,0.8221713314611981,2.215730901880838,1.3909845278749078,1.007792791317488,1.0022485478839311,0.5086493429822727,0.5021513626163094,0.1149668522767154,0.8451338064986589,1.0397935032510044,1.0397935032510044,0.1563069153157184,0.0121612580680669,0.7817217122925554,1.9024323026734336,1.1133754022111138,1.0058569909547768,1.0073629054361042,0.3468089053975005,0.6704561185531128,0.6355588463534999,0.6910072814456417,0.7323250938214114,0.7323250938214114,0.4800855256125638,0.2781717829504919,0.3102893512397822,1.4047597742311362
artefact,40000086,0.0015440092486928,0.8701189249929768,3.674663854468758,1.7407854940078356,0.8260396832828708,2.2450442552950824,1.3530630043423628,1.0073769123930885,1.0023815077076623,0.4216294790909995,0.507289582834302,0.1303211742282612,0.7813333292293829,0.7239233705836411,0.7239233705836411,0.1451421356503099,0.0107989114168619,0.5718517353881816,2.23785347911106,1.115832010863961,1.0060188669195944,1.0073887652167062,0.3406739496805542,0.6708617211773301,0.6483663777387401,0.7118956012245257,0.7817424980069488,0.7817424980069488,0.4745031357798596,0.2284868582274004,0.3145055573720309,1.4088634788211911
artefact,40000087,0.0010646933100457,0.8818392826102517,3.8587472035794175,1.818056325326274,0.8436435955377867,2.269901096331348,1.4522988057115394,1.009156142794193,1.0024878049809298,0.5293044728094153,0.5117128436054822,0.0981150727425218,0.8471723928072865,0.9117612870002012,0.9117612870002012,0.1395597458176057,0.0142938316393823,0.7696311859652895,1.9470516409664231,1.105182471324322,1.005478914265585,1.0069745678468454,0.3374611718497426,0.6593212452410724,0.6355679539713582,0.6916999918443668,0.6171776903365193,0.6171776903365193,0.4577559662817469,0.2506290272070507,0.2989954487701506,1.4368297352161026
artefact,40000088,0.0016128424487972,0.8944543266715497,3.835554359043389,1.8184411170355268,0.8400439468452443,2.2627039824131225,1.3013420030439613,1.006267115569278,1.0019823334618363,0.400318007108815,0.4902055951234,0.1388354644062797,0.7756394608563781,1.0613187453389512,1.0613187453389512,0.1674716949811269,0.0085621491746902,0.5895990871696932,2.338208183491416,1.1064419697245809,1.0051509338222593,1.0071558950336243,0.3439615119919232,0.664540392856679,0.6311978167894974,0.6812799621695668,0.5652910859146074,0.5652910859146074,0.43542640695093,0.2891896833704104,0.2901985767727454,1.4810184119874428
artefact,40000089,0.0023667021196569,0.8959565920592686,3.7749054778862217,1.7926539020468988,0.8433766369280534,2.2782044958072016,1.421669619480188,1.0079930982276204,1.0022485478839311,0.5804490734465582,0.501322546307227,0.115427943045037,0.8695166341165323,0.8526058056460531,0.8526058056460531,0.1395597458176057,0.0145233527278554,0.9426493354213156,1.7189632362622618,1.1025012803717829,1.0052502036235218,1.0070523015955892,0.3372640470030667,0.6609021392304085,0.6397479344401453,0.7053740665049796,0.5871918031162991,0.5871918031162991,0.4745031357798596,0.2802884464459821,0.2929393989925607,1.4567073732196505
artefact,40000090,0.0015787225577711,0.8936000336176829,3.8961157933308894,1.8410051221471575,0.829652897424045,2.238241671036037,1.4438627475433057,1.0083014872942568,1.0023283355508723,0.5639420787264108,0.5039063502510579,0.1038603109262157,0.8903869022464113,0.917762843606744,0.917762843606744,0.1563069153157184,0.0130102739386344,0.9661529640370536,1.6637214515967478,1.1122950551889794,1.0054623659881865,1.0073887652167062,0.3410754643507798,0.6711187956818805,0.6218794891617228,0.7078035462607369,0.713039355336678,0.713039355336678,0.4521735764490426,0.2601189786211391,0.2992479723997978,1.444116150797679
artefact,40000091,0.0019467666206092,0.8825493459164543,3.752731995700466,1.776264268463725,0.8179204145688946,2.2086491559891352,1.320491515669411,1.0070663280835368,1.0023815077076623,0.4653400211653922,0.5047837383585934,0.1301348370191303,0.8118611968281781,0.8574069188656177,0.8574069188656177,0.1563069153157184,0.011115858658736,0.6861260646097294,2.19063581235222,1.109675408952835,1.0056999266216278,1.0072076696782342,0.3477883640102804,0.6661208993662442,0.6431028678781281,0.6957441613131657,0.5184083627541926,0.5184083627541926,0.4800855256125638,0.2808520422316458,0.305902582795785,1.4161899792349717
artefact,40000092,0.0018744965713054,0.8910242342540051,3.7322390019697966,1.7729217337481369,0.8463544115956568,2.2878107344632768,1.3724392828462844,1.0084466778360477,1.002620588487418,0.4847355120735684,0.5167522719765987,0.1269626109863385,0.808925280082405,0.9618877135488904,0.9618877135488904,0.1674716949811269,0.0141453398594761,0.6349378117819499,2.081399953462472,1.1114983586033802,1.0051271199825051,1.007337041987406,0.336021805807408,0.6689612579003066,0.6406696742037774,0.6732485238085303,0.5563876498610181,0.5563876498610181,0.4521735764490426,0.2745379528999779,0.2885653802989436,1.505538481055283
artefact,40000093,0.0025989361394194,0.9027795298767924,3.904874499818116,1.851674035340189,0.8384687355451831,2.2439370920549178,1.3020273952175487,1.0063409011186848,1.0020356078377133,0.4112713128897406,0.4931618149709382,0.140275223177048,0.7843696414212767,1.053319465085469,1.053319465085469,0.1395597458176057,0.0091820992483365,0.5962504961705087,2.358496847517506,1.105222199526771,1.004992860554395,1.0070782054768732,0.3360973429416367,0.6626674310544536,0.6231160235518205,0.6964936749384687,0.6419751817339853,0.6419751817339853,0.4298440171182257,0.2963461232251535,0.2865107115978748,1.4960559284036494
artefact,40000094,0.0022835132546385,0.8734619600057902,3.682797105240213,1.7467376932765954,0.8053746096738839,2.192229211522495,1.420374110517452,1.0078099160655156,1.0020622391160647,0.5872940061706079,0.4932356049740354,0.1071050350845428,0.8881222106863967,0.7688980188469043,0.7688980188469043,0.1618893051484226,0.0151223370666937,1.0146039101840156,1.647329901481282,1.118441339120127,1.0063309934711286,1.0075180091424416,0.3575083798459316,0.6745104099284069,0.6457268557113888,0.7065753721400782,0.679247667504384,0.679247667504384,0.485667915445268,0.2733874985179497,0.3231170458502035,1.3542421174862538
artefact,40000095,0.0014683057083977,0.8903436136195565,3.831854043392505,1.8182097661829024,0.8374423231155412,2.2497621579271363,1.3898056392788447,1.008176456975436,1.0020622391160647,0.4957320394190894,0.4941291649271271,0.110368365706603,0.8255210117795225,0.9777591071288652,0.9777591071288652,0.1451421356503099,0.0122766035199778,0.7199598059595514,2.042182935769984,1.1028904974707825,1.005421103335184,1.0069745678468454,0.3439784143333229,0.6591913150602645,0.630287776713055,0.7021584653497671,0.5913491701446265,0.5913491701446265,0.4298440171182257,0.2909663651259719,0.2973692423780487,1.4324824966521752
artefact,40000096,0.0012443569461834,0.8840294126798104,3.715250839035872,1.7661883847778863,0.8325987077503864,2.247134399798463,1.4011471138331064,1.0078642225875492,1.0029123685098469,0.563991658579996,0.5278548342976531,0.1259043753326608,0.8598932107591075,0.970273849032774,0.970273849032774,0.1842188644792396,0.0136048368534515,0.947423406057801,1.735768302047496,1.112579136859048,1.00564366615731,1.0074146213304744,0.3447987611363098,0.6710000349197123,0.6376082886782133,0.7029790935245149,0.627412584259996,0.627412584259996,0.4800855256125638,0.2676459934288134,0.3047810815076056,1.422688178625231
artefact,40000097,0.0034959872379388,0.8834069427105735,3.812604699597048,1.7982758122468256,0.8393672041375114,2.289495521790139,1.4022745231222706,1.0082646384914276,1.0026471334580116,0.5472586106133739,0.5166059808703838,0.1046235320685327,0.8589972402676653,0.7711978025467457,0.7711978025467457,0.1842188644792396,0.0130540516878792,0.8260250187103751,1.9013673858823168,1.1104682388530025,1.0057344757708608,1.007543846940958,0.3543731377934641,0.6750480851810138,0.6395531511943713,0.6943658205822477,0.7713987745139054,0.7713987745139054,0.4689207459471553,0.3173084866552048,0.3066152639196531,1.399914379965454
artefact,40000098,0.0086592739708168,0.8959063220023357,3.8856947296372346,1.8409908036717264,0.811449883744174,2.206890138346424,1.4972255454448944,1.008760022056784,1.002275147699018,0.6358286926666998,0.5012532870648102,0.1000650204355793,0.9121416802748576,0.8455399468682565,0.8455399468682565,0.1507245254830142,0.0162002504479831,1.1409178072926889,1.493004401897476,1.1104888554518415,1.006001417404638,1.0070004827818473,0.3661236260044726,0.6604879375092154,0.6356087429808447,0.7050713954234026,0.6728135934637092,0.6728135934637092,0.4968326951106765,0.3821404826725674,0.3150770554074647,1.3938429844476
artefact,40000099,0.0039500920030071,0.881488746752366,3.755879606988841,1.7831520310890236,0.8223791984473962,2.236803269383585,1.28233767052664,1.0061730988532382,1.0021154898606548,0.3901365461591182,0.4967335812886321,0.1442391381895389,0.78500378078268,0.7099918040629479,0.7099918040629479,0.1674716949811269,0.0085379418590376,0.565736937963829,2.3589095059634566,1.1095000212373949,1.0061159121704792,1.0070263940310042,0.3539130940600684,0.6612667425895683,0.6416394702762083,0.6933282964669346,0.6711289927149672,0.6711289927149672,0.4689207459471553,0.2901096130099436,0.318163750087213,1.3916416275265056
artefact,40000100,0.0031720039413414,0.8826651869379037,3.688733318748633,1.7506105364234297,0.8282275711159738,2.237902598412945,1.3459254289745477,1.007128073354279,1.0023283355508723,0.4688405859917107,0.5052888440681466,0.1255629405524568,0.7997139755593621,0.9254309387655026,0.9254309387655026,0.1339773559849015,0.011703353800168,0.6665431864467853,2.1084653769756576,1.1084179365497455,1.0057859853184878,1.0067411673585644,0.3430087179753097,0.6529641390973814,0.6518574075816254,0.704259977368785,0.7088778162489162,0.7088778162489162,0.4689207459471553,0.2788195429393338,0.3075635461495261,1.4146448745667566
artefact,40000101,0.0034318512143062,0.8894032707752486,3.808999777233237,1.8041722481337907,0.8294442594981483,2.252723034541216,1.506243794673321,1.0092193276746086,1.002991863047247,0.5589231443739229,0.5305009296054447,0.1087031381301864,0.8673353695273922,0.924475241666361,0.924475241666361,0.1898012543119438,0.0142908372848001,0.8794742633854089,1.750280430074457,1.1165456130175415,1.0056444753325045,1.0073629054361042,0.3445183988085159,0.6698292157615898,0.6545522870238417,0.7000289791632097,0.7086588336911477,0.7086588336911477,0.4410087967836342,0.2928290503732065,0.3041770832404347,1.4650712878589298
artefact,40000102,0.0040365232764084,0.8846937935010913,3.8158362199129594,1.8006346802322788,0.8312466537622009,2.2391280230752164,1.3979811248493568,1.0076810762954398,1.0022485478839311,0.4681753955231175,0.5015874886320641,0.1213236056200017,0.824082427672325,0.7655639938028449,0.7655639938028449,0.1451421356503099,0.0104371841565438,0.7121698404396746,2.027188711942287,1.1148186464944898,1.0057688701359206,1.0072335514863762,0.355919619171824,0.6660661156302312,0.6471624868468192,0.7066156220067704,0.5518266981088187,0.5518266981088187,0.4689207459471553,0.3284442902276035,0.306762844413547,1.4318393701449237
artefact,40000103,0.004857777306685,0.8870572207084468,3.819974726960917,1.8113942784655952,0.812502619995808,2.2173950348930327,1.4681735284712574,1.0086349106939794,1.0031242761829589,0.5197672706492943,0.53441293487955,0.1201712947200438,0.8523395834784513,0.8377536028622113,0.8377536028622113,0.1451421356503099,0.0120116852283643,0.8170329943050209,1.837576246729873,1.118147347861812,1.005788949912643,1.0074663225625575,0.3518540061878736,0.6732805725800065,0.6294703140661324,0.7078113750033148,0.7335639951810191,0.7335639951810191,0.4745031357798596,0.3101566573096024,0.3082707623245329,1.443590767721656
artefact,40000104,0.0051651229880455,0.8776059600575972,3.725549255846917,1.7655150954435586,0.808927565266387,2.2428397847595902,1.3634092701994514,1.007177278334635,1.00230174358753,0.4969620503081642,0.504384549334747,0.1333620395099581,0.8444409771065671,0.9174242452555952,0.9174242452555952,0.1395597458176057,0.0114214523488791,0.7799330014695188,1.99223751330372,1.1138396528123204,1.006461224070852,1.0071558950336243,0.368814105907302,0.6642234318276595,0.6475611988516856,0.7019175778208468,0.5397433212160786,0.5397433212160786,0.4800855256125638,0.3555040640976956,0.3279102868956237,1.3501247911616308
artefact,40000105,0.0022090266684146,0.8828055181764953,3.771370896963314,1.7846532354872937,0.8392825959671704,2.254397461543768,1.456352745496452,1.0093306909454054,1.002434664180612,0.6081813880091005,0.5095307912086329,0.1038271396027216,0.8765550687278216,0.867097413147306,0.867097413147306,0.1339773559849015,0.0176676239173064,0.9514091827859492,1.7058029093343374,1.1149429226443266,1.0055560321321062,1.0071817841944062,0.3473193857923243,0.6642903616933846,0.6351934298075356,0.7070229580154678,0.7169874839741827,0.7169874839741827,0.4577559662817469,0.2950321357268489,0.3025995423995161,1.43396407630844
artefact,40000106,0.003025300142402,0.8861848599781784,3.74027454936187,1.7747273887256585,0.8386605704785162,2.27450400180363,1.358867728236386,1.0080641950636378,1.003520933977328,0.5059433696575971,0.5492059217536258,0.1321633241727488,0.8208198446943288,0.9954549158241258,0.9954549158241258,0.2009660339773523,0.0138022651471696,0.6918258447554146,2.0609100852475284,1.1076845338718977,1.0055815036022264,1.0071558950336243,0.3496797422529128,0.6641084397321751,0.6393151479661011,0.7006177686513112,0.5892643979575325,0.5892643979575325,0.43542640695093,0.2959155868890443,0.3028227154793693,1.424133899744594
artefact,40000107,0.0040995559262086,0.8867296417628786,3.773982492554824,1.7910002788544,0.8179871293321883,2.2259888635642366,1.397745701075617,1.0071328663503754,1.0024612365391496,0.5475362086347716,0.5103486010486856,0.0974472359383167,0.8609535782333706,0.909264917831039,0.909264917831039,0.1507245254830142,0.0126938799892539,0.929576240379312,1.7597901276685577,1.1137733730103323,1.0057801038993508,1.0072594296200987,0.3409466466499745,0.6674295521522137,0.6463042717998706,0.6972500971198629,0.6371638538205854,0.6371638538205854,0.4689207459471553,0.2730857630590222,0.3084127286752386,1.4242408629316836
artefact,40000108,0.0049986932101816,0.8921751256621328,3.757945031341779,1.7874721556089332,0.8106794600951182,2.228710392675774,1.3064944732181802,1.005873280594787,1.002514369507352,0.3800576290940005,0.5122927910717109,0.1372507802116092,0.759524074391603,1.0033654566690038,1.0033654566690038,0.1563069153157184,0.0098179984976973,0.5142124143240134,2.434356669037652,1.1173086170720743,1.0058029204658294,1.0075180091424416,0.3535757452461726,0.6745645290699813,0.6326881563967915,0.7051988844720668,0.5569371451979552,0.5569371451979552,0.485667915445268,0.3241326277738717,0.3095912383738484,1.4481183565656808
artefact,40000109,0.0100152663874426,0.8947663959570331,3.786280031681774,1.7995335009587266,0.7993282518951408,2.1988014702727443,1.3785111837378614,1.0082412854623828,1.002620588487418,0.5538158277942055,0.517074793762064,0.125576709061077,0.849880913546094,0.8865121852326454,0.8865121852326454,0.1451421356503099,0.014397637424117,0.8538156975265887,1.8753267748669225,1.1150483424973858,1.0062227117297518,1.0072594296200987,0.3703050920705328,0.6675611016951513,0.6238756011978464,0.7074925822383707,0.7483793799064232,0.7483793799064232,0.4689207459471553,0.3798310639308935,0.3215239654636561,1.3728146849265712
artefact,40000110,0.0091187727765996,0.8888114724264514,3.838887890765361,1.8210173044901248,0.7919166813989039,2.1999884441491284,1.315446209469422,1.00668029787709,1.001849078510986,0.4590165033622492,0.4845036526139442,0.1333106644322521,0.7920278269511379,1.1289381920004369,1.1289381920004369,0.1283949661521973,0.0114273119292488,0.6629935727356628,2.2641434223811143,1.1127568120853626,1.0064811734137724,1.0071817841944062,0.3756831565917844,0.6650453277765049,0.6269582582569646,0.6988396831445423,0.4392734624268271,0.4392734624268271,0.4633383561144511,0.3894806053073174,0.3310264063294683,1.333488393297984
artefact,40000111,0.0062908209128757,0.8819119917108964,3.729788946521195,1.7706524532110577,0.803366391068068,2.213276630450613,1.2768047747005613,1.0057570052397644,1.0024612365391496,0.3707034407184276,0.5106547721860248,0.1527833083629895,0.7562622101822623,1.0707679309526608,1.0707679309526608,0.1898012543119438,0.0091437163384405,0.5095603319842827,2.4055885544205275,1.112807807496094,1.0063412863930294,1.0071300021946208,0.3568014203695855,0.6638548045703058,0.6407269063647194,0.6931859472543171,0.8238104900534247,0.8238104900534247,0.4689207459471553,0.3166148125745898,0.327313419114538,1.3471216043697432
artefact,40000112,0.0067515751203081,0.8906405802273467,3.885968126030408,1.842384118417208,0.7986417977811132,2.1781410127959235,1.3752540701042133,1.007856228682476,1.0026471334580116,0.4514698416703508,0.5158561670808031,0.1160137460038874,0.7957442668830726,1.1182944441666538,1.1182944441666538,0.1674716949811269,0.011777935404169,0.6259463877637853,2.137353193537472,1.1173447128891194,1.0061418012274814,1.0074663225625575,0.3576638633179932,0.6731511892902422,0.6361273530869809,0.7018643711698496,0.7368874923095173,0.7368874923095173,0.4800855256125638,0.3312623540468746,0.319671440784472,1.378344021180265
artefact,40000113,0.0067871706777788,0.8892533761059658,3.85384339402637,1.8234427339423076,0.8001862679153516,2.208588606600689,1.5057368542865222,1.0100601403893128,1.0022485478839311,0.619373505895155,0.5014110422112693,0.0972160316119966,0.8899877667905838,0.8584012271431813,0.8584012271431813,0.1451421356503099,0.0190160401614952,0.9770092343392102,1.661770804611025,1.10801692732518,1.0060510086982235,1.0072076696782342,0.3747025925022709,0.6659922048355981,0.6268753043925662,0.7044414945599569,0.6312164860296954,0.6312164860296954,0.4968326951106765,0.4024562790655774,0.316934374299091,1.3582509339790594
artefact,40000114,0.0113927419830467,0.8866704835267788,3.7672711189739054,1.7897805949976493,0.788034143548639,2.20845427892119,1.4024213069227864,1.0073998269687838,1.0020356078377133,0.5080225568759135,0.4931738409533632,0.1195104004597717,0.8411633712520888,0.9551217665033266,0.9551217665033266,0.1507245254830142,0.0126022175352381,0.787154050469068,1.928627391160154,1.1171335636239226,1.0068018053913623,1.0071300021946208,0.3765443287065796,0.66369314772335,0.6387979715496771,0.7004270440442072,0.6103523323268929,0.6103523323268929,0.4689207459471553,0.3934844901526699,0.3367649860382685,1.3340426606678375
artefact,40000115,0.0065057927415642,0.895310401817994,3.93190890945382,1.8625765256711229,0.8078297696518955,2.187764008168517,1.500169010189928,1.0098762108716317,1.0023283355508723,0.5932859472937689,0.5051100253759195,0.1027403126366117,0.8754403721689564,0.8209432151951479,0.8209432151951479,0.1898012543119438,0.0164466715335251,0.9401768717558526,1.7017941657908386,1.1140528279573965,1.005863786456329,1.0073887652167062,0.3605768573048194,0.6710766375052407,0.6466886640470909,0.6990565270316107,0.8010594291119097,0.8010594291119097,0.4689207459471553,0.3670585468742404,0.3103219064074267,1.4304595383572407
artefact,40000116,0.010770449467994,0.901535822067882,3.844719675599436,1.8296565987610076,0.8010149241390715,2.211938296445339,1.2333309382960629,1.0053841923525304,1.0023815077076623,0.3155639330793104,0.5073581196911656,0.1584340873968369,0.7291287172075408,1.2978754253549356,1.2978754253549356,0.1563069153157184,0.0083231420799464,0.4132948696552121,2.5850344744211693,1.1172151420340666,1.0062126177585613,1.0072594296200987,0.3680485663296864,0.6670690088053378,0.6403194046508519,0.7012806164728086,0.7642996408144926,0.7642996408144926,0.4745031357798596,0.4034553372100599,0.3207442194656789,1.3965145192596788
artefact,40000117,0.0120017669505242,0.912074380941449,3.9209133321370895,1.862522996501998,0.7949410942179462,2.197003561695194,1.2091958323470204,1.0041263888611036,1.002088866456575,0.3137607827509834,0.4947181852812148,0.1642016729354684,0.7157819670435592,1.1656732576530426,1.1656732576530426,0.1507245254830142,0.0066816858320719,0.4584262839525083,2.8103447651295608,1.118633737593649,1.0061613388808444,1.007543846940958,0.3779629920483353,0.6754071380225487,0.6250694761548481,0.7025750105598632,0.6244581249177247,0.6244581249177247,0.4968326951106765,0.4375240626469054,0.3219597310552261,1.3905950219985928
artefact,40000118,0.0080358722941381,0.8977907487604343,3.903533906399236,1.8507671891800104,0.805471871796481,2.205872663467736,1.4250882042352588,1.007887730151198,1.0019556903614857,0.5413673456232665,0.4895285635150375,0.096998795468145,0.8545647054697427,0.921698393436932,0.921698393436932,0.1451421356503099,0.0129276238705191,0.838944967217689,1.8823946598467345,1.116915702340821,1.0059781592242998,1.0074921676833946,0.3669105170617879,0.6737879626056513,0.6162456862723176,0.6962868356068898,0.6371234124696018,0.6371234124696018,0.4689207459471553,0.3702295158200482,0.316080264939278,1.408034949826778
artefact,40000119,0.008714201848707,0.9037392542587416,3.963500948327705,1.876271518156529,0.8033278835504456,2.1909782655600467,1.1460274419561989,1.0031555919874566,1.0023549235904488,0.1807128521179744,0.5065426692433954,0.1793142460685381,0.680243982139575,1.0659510575345288,1.0659510575345288,0.1786364746465353,0.0049714580172983,0.2764837786708869,2.815333825409411,1.114704898619851,1.0058672402063655,1.0073111748693486,0.3756562764084135,0.6683967207078574,0.6160233266908302,0.7039260350185406,0.7658236247991909,0.7658236247991909,0.4633383561144511,0.4551885013463843,0.3118998082146673,1.4311866194786842
artefact,40000120,0.0093999813738673,0.8857879825785445,3.7860112054943063,1.7997338096111388,0.7904721129857499,2.206873653454535,1.3516694184968765,1.0066997467215295,1.0022219441408642,0.4458816715513397,0.5010806962366785,0.1280957307368326,0.8011839679817402,0.8803678500660884,0.8803678500660884,0.1283949661521973,0.011297589657184,0.6642491826887674,2.1619850564086422,1.1144874192667005,1.0064005957708375,1.0072853040806675,0.371930469300814,0.6682249749306868,0.6333532799755576,0.6970040222102146,0.612635347141847,0.612635347141847,0.4912503052779722,0.382195458260032,0.3279522825060777,1.3411923379159905
