snr_db,alpha,seed,MVL,MI,DET,L,Lmax,ENTR,LAM,TT,RTE,independence_ratio
20.0,0.15,7000001,0.0495625422741177,0.0008911877942439,0.9062317099467084,3.909328490432317,30.0,1.852015263900702,0.8474211666615327,2.2267655986509274,0.6705689696996014,1.0089888224036216
20.0,0.15,7000002,0.0269022137153971,0.0002481136244384,0.8961295945045369,3.877040454222853,32.0,1.8369821523031888,0.8499102886143436,2.2730538265376072,0.6953662134195044,1.0024165404486205
20.0,0.15,7000003,0.0455803081184981,0.000793395200304,0.8917889932050418,3.874870407933288,31.0,1.83367684097674,0.8387883188962083,2.2294372294372296,0.688720470150584,0.9991706101168976
20.0,0.15,7000004,0.0459721401998895,0.0007430564420861,0.8943082666888527,3.85709800403678,36.0,1.8210362372721267,0.8221502334723421,2.1843061407750226,0.6631000160413765,1.0143955950494994
20.0,0.15,7000005,0.0450512778552628,0.0008472384537593,0.8875029735124681,3.7700452528447785,29.0,1.7871395256345162,0.8309183240766598,2.2346183800623054,0.6940666725723486,1.001020020942793
20.0,0.15,7000006,0.0125493324429111,9.448272364415298e-05,0.8816664575229013,3.822113423092616,30.0,1.8084877747919557,0.8416990839503075,2.262893771349049,0.674747302257985,0.9940457946922796
20.0,0.15,7000007,0.0272085476957595,0.0003022825464539,0.8924996642874113,3.806590889065116,32.0,1.800551913073388,0.8423958516253655,2.238519392824792,0.6855513547025868,1.0162982927825803
20.0,0.15,7000008,0.0349575196159568,0.0004118104203474,0.8911790615480953,3.832314011866728,27.0,1.814091447277077,0.82634606608009,2.200483296591487,0.684824016494902,0.9981711456995104
20.0,0.15,7000009,0.0202028322934024,0.0001687841532633,0.8794382562537878,3.8086704679156487,32.0,1.8018715088997956,0.8397212179473783,2.247350317402612,0.681286813704433,0.9957293331718498
20.0,0.3,7000010,0.0570094144109501,0.0014390631580717,0.8838060479666319,3.781599964306429,28.0,1.7896244167279765,0.8316736183524505,2.242584001124701,0.6722674908053022,0.9963185338455428
20.0,0.3,7000011,0.0633849640617454,0.0014532688876221,0.8871555681615245,3.835369453653663,33.0,1.817054860979247,0.8369470444255355,2.255417627991904,0.6797902406641849,0.9870160067718016
20.0,0.3,7000012,0.1100497338084727,0.0044424822672865,0.8788122661426869,3.766653227612776,29.0,1.787045271423033,0.8161959907188695,2.228557567455731,0.6736789713897532,1.0379399166526513
20.0,0.3,7000013,0.0702197140642874,0.0018626705056282,0.8842256224230474,3.764737574641943,32.0,1.7803759613370331,0.8197741244951545,2.202765499263289,0.6814187954332878,1.0076331860015275
20.0,0.3,7000014,0.0939972733725008,0.0032221130791059,0.8911427557263065,3.783140539821832,25.0,1.7953484010943437,0.8327939364834109,2.243156222319081,0.6852592814239019,1.0200197195376457
20.0,0.3,7000015,0.0646899032761416,0.001393313380161,0.9122519475939046,4.024621298796394,33.0,1.9032140307947825,0.8580979450420638,2.2636137259194395,0.6908381229374457,0.9989703513803952
20.0,0.3,7000016,0.0679762089484269,0.0017933928649508,0.9051333458638764,3.8707243011520944,34.0,1.839696080426959,0.8299239813712591,2.1997619739555225,0.6769859411711587,1.0130277644229868
20.0,0.3,7000017,0.0561930321261467,0.0011300772998618,0.8976243987481358,3.828786453433678,26.0,1.816710640229482,0.8413955344577706,2.240568280336717,0.6841809762969305,1.0060431687582572
20.0,0.3,7000018,0.0578998470268748,0.0012398102893935,0.8745076148547596,3.785665435644919,36.0,1.7879775160440303,0.8179070208328945,2.1999773364684554,0.6766752227025785,1.0076802759370531
20.0,0.5,7000019,0.1327335057086051,0.0073109668250164,0.9064634069466916,3.924984077881904,32.0,1.854789977436099,0.8099062848017482,2.176073732198557,0.6660539197827476,1.048836012680386
20.0,0.5,7000020,0.1447790252575541,0.0066586111195849,0.8973203474598579,3.804768070003125,32.0,1.8042423215779404,0.811660963411424,2.200393908687399,0.6780088383837505,1.0745205787524548
20.0,0.5,7000021,0.1522859887444592,0.0090280473215919,0.8967325576546145,3.86774889828222,27.0,1.8342638548024948,0.8030985445598232,2.2141419948260994,0.6756763827022869,1.0830675563632972
20.0,0.5,7000022,0.1530983141406688,0.0087734401954931,0.8938838709677419,3.776987830941685,26.0,1.7935010498602422,0.8031948387096774,2.193454268679437,0.6913574268096989,1.0839500707835965
20.0,0.5,7000023,0.1643838621581168,0.0091533970526177,0.8972763607894845,3.81533070521244,40.0,1.8104561466248503,0.8005222712101858,2.2142551857761568,0.6814289373502697,1.0995948533033166
20.0,0.5,7000024,0.1875962385470078,0.0121957713693669,0.8868215428181866,3.8510657678994353,28.0,1.8181368144463224,0.7698043945670985,2.141446264715751,0.6652689455759574,1.1429973305135213
20.0,0.5,7000025,0.1128273336274073,0.0053360085839153,0.8994117029099695,3.86140176799567,37.0,1.831378295833421,0.828658472528627,2.2472614350222933,0.6846928328442106,1.042273508908068
20.0,0.5,7000026,0.1261148949213501,0.0059268464012958,0.8997559582532841,3.89122428815234,33.0,1.8394612197921263,0.8088166571473078,2.1816221061329677,0.6814686599927442,1.0275079082516898
20.0,0.5,7000027,0.1370573872491308,0.0073353501217911,0.9006921675774134,3.870728216138844,28.0,1.827826233576506,0.8106739526411657,2.182950755346282,0.6771145517827807,1.0612907023536255
20.0,0.7,7000028,0.2211553543301377,0.0191282071645747,0.9175925925925926,4.10323331007211,37.0,1.934415772779628,0.7672284644194757,2.128066024124199,0.6504077632953243,1.1680949337060036
20.0,0.7,7000029,0.2514972470702066,0.0233741470036673,0.9174791050199864,4.178701470657776,31.0,1.9660332712819264,0.7421896900794269,2.099660748116491,0.6538456214869837,1.2107541215583515
20.0,0.7,7000030,0.3038030950145576,0.0321789283594181,0.9176653052783952,4.067088259554578,33.0,1.9183846112315044,0.6993279222457737,2.0898051877829102,0.6601116763865164,1.3078123906602177
20.0,0.7,7000031,0.2785188720579149,0.0287514185833624,0.9178357552661334,4.05607476635514,34.0,1.919917710934214,0.7189109677959713,2.109017475966706,0.6480102395598114,1.2654204564732825
20.0,0.7,7000032,0.2632479080906227,0.0244507299489631,0.9180766269172338,4.128831484861248,31.0,1.9423688040156963,0.7486940958564858,2.11555254994781,0.6631528304337407,1.1985634671527237
20.0,0.7,7000033,0.2570263791364537,0.0232116111176285,0.9009550908539328,3.941106484235574,30.0,1.8655395356728424,0.736413754145178,2.115868411956538,0.6678190591269612,1.1671166015458565
20.0,0.7,7000034,0.2540004081505315,0.023254796619848,0.9170305676855895,4.015726050341971,33.0,1.9043054506221355,0.7501354668026647,2.1361855342581806,0.6705048111608028,1.212904996429675
20.0,0.7,7000035,0.2667122416436063,0.0277267686375061,0.9172144869543916,3.989433024019891,36.0,1.8929650321664755,0.7345096157772243,2.1235834021957265,0.6557283270642882,1.2553372924859847
20.0,0.7,7000036,0.2430735952542597,0.0213240879795534,0.9151321551857384,4.067836203737633,36.0,1.920284069439671,0.7465093513318564,2.1058674767088643,0.645565197471276,1.189482643717079
20.0,0.9,7000037,0.4560266549410962,0.0761855781915271,0.9305529443713312,4.332052902849363,34.0,2.025475871315407,0.6103225334753818,2.033212129647349,0.6077819432528541,1.5859017077354691
20.0,0.9,7000038,0.507166016791629,0.0948967977774102,0.9447829833175888,4.427417785561393,36.0,2.063104592567719,0.5646378556820895,2.0371924042098954,0.6033119028604151,1.754128821918406
20.0,0.9,7000039,0.4719667122225986,0.0840543170766478,0.9365462602951627,4.4034104870018185,33.0,2.053351175961242,0.6027530415151136,2.070960443861886,0.6113350748117428,1.660399712073896
20.0,0.9,7000040,0.4741702651847835,0.0813092085807269,0.9401269334229994,4.55341238739885,37.0,2.1018526585012496,0.6027130968392737,2.036317807441068,0.5959776952078791,1.6512896736646
20.0,0.9,7000041,0.4736633507383033,0.0839886359458635,0.9271612118648548,4.419871956445027,46.0,2.059829333325312,0.5848834135250885,2.044826885039836,0.5877612236966525,1.6483800511285147
20.0,0.9,7000042,0.4757234840604646,0.0828780876041141,0.9398578284406682,4.437575030012005,31.0,2.063519687639752,0.5790524721112794,2.027956590297746,0.6127774786705655,1.656976098540693
20.0,0.9,7000043,0.4681257265886139,0.0809443595010707,0.9371891748960104,4.524969310090842,39.0,2.0956398202269377,0.6087036114190405,2.0420334356874785,0.601536731214478,1.6544366310104768
20.0,0.9,7000044,0.471780898433898,0.0819007652208598,0.9303719866999168,4.390457977836618,37.0,2.049645441881641,0.5710255610972569,2.04828550130451,0.5897653349184203,1.8104376980222008
20.0,0.9,7000045,0.4687630357753058,0.0811409051264247,0.934782835719582,4.16160676925938,41.0,1.965945192398175,0.5762241924872333,2.064099206942989,0.6135264641258464,1.701904571499908
20.0,0.0,7000046,0.0120018520310959,2.9960172044164923e-05,0.8997348307596319,3.985582016675112,29.0,1.880849776575066,0.8570165860760152,2.272764877833545,0.6886059860412329,0.989921231592696
20.0,0.0,7000047,0.0301005510221046,0.0003554108423438,0.8921785379080196,3.773254531821991,32.0,1.792226742695585,0.8565387423088956,2.2949049302169637,0.709395042947889,0.9909373355568044
20.0,0.0,7000048,0.0311086135319841,0.0003554450359401,0.9182170176598357,3.9689314223512335,34.0,1.883867932467517,0.8515283155475808,2.236595146554219,0.6838449134496939,0.9980024805553565
20.0,0.0,7000049,0.0470233270878157,0.0008646466616581,0.9006811829842404,3.851799672786766,29.0,1.8229973461506837,0.8322175109722533,2.2115615424803376,0.6748824970064724,1.0164230342980254
20.0,0.0,7000050,0.0216814518775749,0.0002696002818568,0.8901617463136764,3.751184729173125,28.0,1.7758165681448823,0.8468034346130805,2.2692963062060807,0.7038252727074126,0.990230300144186
20.0,0.0,7000051,0.0147488697558933,0.0001346943700264,0.8821545677167643,3.772073830863431,27.0,1.7847328806544511,0.8327366870045242,2.246144588429567,0.6761560660094214,0.9969386512450412
20.0,0.0,7000052,0.0052348081597542,3.530555316678858e-05,0.9105145180628682,3.9034550574353015,40.0,1.853095558172705,0.8456028775478288,2.253194799422158,0.6872486259148212,0.990399082402839
20.0,0.0,7000053,0.0062832912307447,0.0001359310291385,0.888083986237201,3.834653421040856,31.0,1.8109520750105608,0.8373233014135887,2.221993042091223,0.6810461211935589,0.9908331234512756
20.0,0.0,7000054,0.0053738849523856,0.0001080936308883,0.8940698869475848,3.792197035745423,28.0,1.7941809552141452,0.8501438848920864,2.26677079907925,0.6906107270033913,0.9926128770558492
10.0,0.15,6000001,0.0153379989141077,0.0001557918984693,0.8962527964205816,3.866449220320808,32.0,1.8313622041544455,0.8538404175988069,2.2820445391759283,0.6996470872179774,1.0004490651346738
10.0,0.15,6000002,0.0466831812631235,0.000985113432114,0.8976578941884936,3.8730108783601542,36.0,1.8336237208142907,0.844085349336334,2.249128992407312,0.6726353559007417,1.014437698525861
10.0,0.15,6000003,0.0516726291320689,0.0008540587992652,0.8956717725223782,3.819395098843036,29.0,1.808606566023484,0.8428026661539447,2.2397064876449466,0.6870457785051773,1.001218360624407
10.0,0.15,6000004,0.0107968984416765,0.0001430214420754,0.8708298941605458,3.7505287314943976,31.0,1.7725353456260546,0.8227319743812102,2.212079499964885,0.6719852957235176,0.9947344099142568
10.0,0.15,6000005,0.0553060436871364,0.0006961116148313,0.8884564170849124,3.795895146820708,28.0,1.7983944906202485,0.842676431424767,2.261825229906388,0.6898521837711887,1.0086710783777135
10.0,0.15,6000006,0.0207640852063522,0.0003272343031879,0.866072087457963,3.696256636371817,32.0,1.747328147646544,0.8243619342800215,2.2205136942539507,0.6939354602947806,0.997270666669888
10.0,0.15,6000007,0.0222930875112773,0.0002137396778478,0.9002462008659479,3.912012912151257,32.0,1.848929729259248,0.8449040665591306,2.226644106665921,0.6834191909721098,0.9962894048317892
10.0,0.15,6000008,0.0326309940841539,0.0005819619443005,0.8926766205003762,3.790030143519144,26.0,1.8031802685618836,0.8383102501880915,2.2596866564789555,0.6939532382879063,0.9942814137112737
10.0,0.15,6000009,0.0303177107738965,0.0004298926359935,0.8960148266041212,3.937649549052089,34.0,1.8539909468174116,0.8436714692578321,2.2276780160079626,0.6751659001137698,1.0219237575364877
10.0,0.3,6000010,0.0633136616279259,0.0016716458100837,0.8911606344718624,3.81621116353601,26.0,1.804688002453845,0.8381493877720724,2.2289331472088234,0.6898947394351902,0.9982212943532852
10.0,0.3,6000011,0.0671095875308762,0.0016422813043579,0.8958479648633634,3.90081701583824,39.0,1.8468938583677732,0.8172989234687995,2.191416405514411,0.683399108740939,1.021981139467518
10.0,0.3,6000012,0.0742959143890387,0.0021718812007234,0.9014799544629396,3.938743502419789,27.0,1.8633860524358823,0.8403382460026871,2.238858376369648,0.6740749751012908,1.0167623828966166
10.0,0.3,6000013,0.0874236908118528,0.0020208168006063,0.89515471666155,3.856387102658823,28.0,1.8307807885081544,0.8370526026063114,2.2405604907836385,0.7166373963339319,1.0188371732814423
10.0,0.3,6000014,0.0597381989528428,0.0016505869429997,0.8937429856985472,3.728330899407268,27.0,1.77366348373716,0.8466377686026997,2.26336361134049,0.6981186658500496,0.998859349868968
10.0,0.3,6000015,0.0555341833592297,0.0011388636751433,0.8905743149309524,3.76954929823032,32.0,1.7847917222054166,0.8388530178051016,2.246511307225593,0.695261216601776,1.0212499708651122
10.0,0.3,6000016,0.0629019446315522,0.001252162874627,0.8744600968426777,3.70748902585022,35.0,1.755860167198469,0.8304991685752832,2.233232093140977,0.6950222045032988,1.004053708144588
10.0,0.3,6000017,0.081388369750817,0.0025330774871054,0.8991156137764953,3.853844100373732,25.0,1.82904980671452,0.8230449043990948,2.21071194568748,0.6857179675524243,1.023440135517039
10.0,0.3,6000018,0.0374200036018156,0.0009344738324956,0.8876251699839288,3.7761318315291232,35.0,1.792049478360476,0.8503265751844068,2.291109198911897,0.7018687643888957,1.0002860559745566
10.0,0.5,6000019,0.1510784204906094,0.0080668578011858,0.8978817153141226,3.851843634911479,34.0,1.8274975977960852,0.8038569744109555,2.195313824077736,0.6850496486405956,1.0550468712842958
10.0,0.5,6000020,0.1359332189397989,0.0063535228899266,0.8834180234366898,3.7299356364114016,30.0,1.7682355020661302,0.8003007362853883,2.1950338472040505,0.6781390280416446,1.042119741171451
10.0,0.5,6000021,0.1464743655463093,0.0075081357689348,0.8913592670629056,3.790869778431635,32.0,1.7885175042522934,0.8117708104028428,2.1995143149284253,0.6843838774539152,1.0707168434981496
10.0,0.5,6000022,0.1359649886820628,0.006453838535463,0.8927193019255779,3.8701009366190777,32.0,1.8327593784948744,0.809324789193271,2.195283273828997,0.6824089450497011,1.077729232158246
10.0,0.5,6000023,0.152985204533749,0.0082292201461086,0.8902149215150821,3.868511640547151,31.0,1.8299270287256824,0.7996966917512663,2.184700589424528,0.6783732934325786,1.086701595937204
10.0,0.5,6000024,0.1465287286294634,0.007382265129509,0.8960919636238346,3.9029104138244657,36.0,1.8479065394680712,0.7927947210708207,2.156685365334091,0.6591573142309236,1.0797012272139703
10.0,0.5,6000025,0.113201264596001,0.004903847911411,0.9034689507494646,3.926480852449863,27.0,1.8619405478645537,0.8124839400428265,2.1937759276122746,0.6868675879909705,1.0462334664971698
10.0,0.5,6000026,0.1553574899470457,0.0083683901184312,0.8875444915933602,3.860523501789949,29.0,1.825034450979504,0.7889254678965765,2.164088956650492,0.675712111856698,1.1094027756854603
10.0,0.5,6000027,0.1550113103389017,0.0086017306523594,0.8878448266891434,3.8389651293588303,36.0,1.815936089224626,0.8014911705636896,2.224026911526912,0.6756940196712948,1.1027723173061577
10.0,0.7,6000028,0.2557934022737321,0.0239433214910371,0.9101983952401902,3.95633565542048,40.0,1.8767046093459252,0.7532472293800935,2.1450794976583243,0.6832750719026661,1.196202957460294
10.0,0.7,6000029,0.2559119734418756,0.0233508680671193,0.9091438373966836,3.94914871516958,39.0,1.86943208456312,0.7387222539897074,2.122852618684832,0.6660066023802693,1.1889644074457084
10.0,0.7,6000030,0.2655485018116862,0.0257353817754448,0.9132613283158518,4.044797421731124,32.0,1.9126274247302133,0.7351840493986299,2.126161200132279,0.6347486595728734,1.2965236024563804
10.0,0.7,6000031,0.2275378027079229,0.0192700664027776,0.913463116435546,4.054217690171621,40.0,1.914103809205493,0.7711085582998277,2.146834575516148,0.6626320560890444,1.1478966285556318
10.0,0.7,6000032,0.2455396584526347,0.0208471564097916,0.9144948477529452,4.063454869247352,33.0,1.92049791724756,0.7419921318806493,2.1149140211640214,0.6553167539937762,1.2005398806455772
10.0,0.7,6000033,0.2706484626221116,0.0264220808548137,0.9175289233557414,4.067971596748575,32.0,1.91480786017151,0.7274724464206689,2.0957866618097927,0.6413508490558227,1.2549922529102897
10.0,0.7,6000034,0.2541689904751304,0.0237552066013138,0.9242568346925149,4.171141552511416,30.0,1.9617686597659751,0.7742376105388834,2.1466021460130444,0.651254192494773,1.1946590598057496
10.0,0.7,6000035,0.2169000909320575,0.0152112597807386,0.9014228065066356,3.999538532533456,29.0,1.88817064522106,0.7721273453425969,2.1301073109147253,0.661583296384182,1.1452995339188186
10.0,0.7,6000036,0.2307201951219419,0.0195644264969598,0.914724977925518,4.196740062911067,33.0,1.9694570131035125,0.754988832909157,2.107859628770301,0.6540500365370033,1.1660945337233894
10.0,0.9,6000037,0.4525365646873607,0.074542715539034,0.9293827109036346,4.335974720466699,39.0,2.0285430783941854,0.6256460486828943,2.044748671843073,0.6173209370804178,1.5841411454829128
10.0,0.9,6000038,0.4546308302640611,0.0736603724199881,0.9268774909208212,4.464538118390055,44.0,2.0731133713444687,0.6312500650370971,2.0453319397147576,0.6142892808533476,1.5663603842264726
10.0,0.9,6000039,0.4831351186058444,0.0843483435311599,0.9389197321579928,4.4615113527664505,46.0,2.074785542090691,0.5635118240379725,2.033200810428533,0.5938125758330043,1.800680627808017
10.0,0.9,6000040,0.4382401018213975,0.069972171125888,0.9266180874008,4.529195025843099,34.0,2.094182426253628,0.6178884770818938,2.0320209341160678,0.6041019012996853,1.5312128047264266
10.0,0.9,6000041,0.4476483993927705,0.0710905693525815,0.9317417031129406,4.470326849017478,40.0,2.0708301323375977,0.6183792127604837,2.0470099299960824,0.5797471730313016,1.5950346665555908
10.0,0.9,6000042,0.4871773876943305,0.0852649283687361,0.9313984442165668,4.318716680274723,34.0,2.025813274763692,0.5826522896533151,2.039261890951276,0.6079481916547094,1.6294581734959546
10.0,0.9,6000043,0.4540577815444381,0.0740013537612944,0.9391073136383222,4.64433471933472,37.0,2.134834064256105,0.5997624827905119,2.0309258171853597,0.5873101941682437,1.6110165550447133
10.0,0.9,6000044,0.4082745683711297,0.0631567258295806,0.9230930691406742,4.2579270949315005,42.0,2.0009558837589267,0.627686705008186,2.0643196134265254,0.6029834821686829,1.5642629922112374
10.0,0.9,6000045,0.4456759743220657,0.0735113170360357,0.9439002116973144,4.463101079489696,32.0,2.0767388968369493,0.5432267236727408,2.041196311243688,0.5969356429347639,1.7412026134828125
10.0,0.0,6000046,0.0345246557119134,0.0004139522993461,0.8949529351539401,3.777738578232493,32.0,1.7906059661904463,0.8462792131133839,2.2747184858611105,0.6921275057790445,1.0068771127957088
10.0,0.0,6000047,0.0209887210835449,0.0001266722188152,0.902197269739614,3.879648502966889,36.0,1.8390787782763167,0.8362897109631752,2.211131689248465,0.6893876707852422,0.9959593172666988
10.0,0.0,6000048,0.0045872372278683,4.609552243208763e-05,0.8960303640136388,3.82497996973204,33.0,1.814780718502241,0.8542381364503717,2.284296230202989,0.6793576476663525,0.9906545759755196
10.0,0.0,6000049,0.0114218663163729,0.0001421660695153,0.879871121266044,3.780150185470008,25.0,1.7841377286702311,0.8275088709422678,2.212646752442355,0.674019722018066,0.9934044820172144
10.0,0.0,6000050,0.016771031359069,0.0001568891775088,0.8929146033139013,3.820481873854544,35.0,1.810657378757232,0.8464761068973443,2.2521090156074104,0.6949611062343737,0.980266513776962
10.0,0.0,6000051,0.0341842454175222,0.0002080246728432,0.8973903781288833,3.919855859143365,37.0,1.8492045770581,0.8465502657658128,2.2395298082767003,0.6870252321910403,0.9979887842524274
10.0,0.0,6000052,0.0152821649249687,0.0001312080801111,0.9025246890624354,3.8508462623413258,28.0,1.8263566043373167,0.8496704681624726,2.261986937091784,0.6935378114054267,0.98170146275374
10.0,0.0,6000053,0.0134959380893697,0.0001967585845229,0.8787664136341531,3.70207553892749,30.0,1.754422296008634,0.8336963186940984,2.256380908778757,0.6809130295758746,0.990829749886834
10.0,0.0,6000054,0.0368779262831745,0.0002777769353669,0.8946827399308476,3.9168144006545753,28.0,1.8530593376410425,0.8493079566810994,2.262088801006651,0.6852597088975495,1.0149497325017849
0.0,0.15,5000001,0.0187576645574283,0.0002008460447329,0.8793364132717346,3.782826685938841,34.0,1.7957421703391152,0.8286696766064678,2.2445076430856736,0.6957773617263604,0.993069562089074
0.0,0.15,5000002,0.0269271781641418,0.0002143935761954,0.8715438687841708,3.7451892956233777,30.0,1.775227109923728,0.8288206196303046,2.2522426917961345,0.6875151510733899,0.9854131838096554
0.0,0.15,5000003,0.0248149112165277,0.0003335645552157,0.8772176998538928,3.738269957749611,31.0,1.7683008465958483,0.8245721143811313,2.228724154466729,0.678798169921623,0.9877413715891384
0.0,0.15,5000004,0.0419300744726074,0.0007833254766793,0.8930458985291205,3.862966136086937,35.0,1.8292381741878232,0.8404601319726047,2.231634743135518,0.6835947744691111,1.013207306453418
0.0,0.15,5000005,0.0358015394101179,0.000453735555431,0.9032881203729808,3.945047427946005,30.0,1.8631353112107565,0.8452630809552152,2.239435645618646,0.6891879442842951,1.002301901243475
0.0,0.15,5000006,0.0305234683555307,0.0002858862942185,0.8902158362878646,3.779743826752938,29.0,1.798440564171723,0.8472403640811926,2.2681958841569183,0.6908002520013792,0.9974132312887362
0.0,0.15,5000007,0.0439646440821197,0.0005811334580584,0.8878195112805449,3.75207994013294,28.0,1.7794351653854077,0.8292971272628794,2.220076681770652,0.6877227586170596,1.000412050285295
0.0,0.15,5000008,0.0252109068754493,0.0002630802454377,0.8904159968056825,3.774442118391163,27.0,1.7917994075248886,0.8416501171599996,2.248077462812237,0.6923808975434669,1.0156588302814036
0.0,0.15,5000009,0.041757476744609,0.0006467330549916,0.894697582551506,3.730669820826215,35.0,1.7726517839846463,0.8466637950054107,2.270308340258899,0.7049974478086827,1.0017450424416885
0.0,0.3,5000010,0.0680918800324564,0.0015080659341892,0.8923936103831274,3.8198450854700856,31.0,1.809269646789979,0.845948250759183,2.281167183140065,0.693697125351736,1.0072651542991011
0.0,0.3,5000011,0.0430546273554005,0.0013452576637966,0.8802281569264183,3.710368428069864,28.0,1.7595122729144788,0.8356880027834301,2.254080878170857,0.694666385664643,0.9976699400641008
0.0,0.3,5000012,0.0598189239455757,0.001792925072335,0.8991303062926139,3.8148314002955535,25.0,1.8074192453152047,0.8373493340088236,2.243777928615872,0.7007362751627871,1.0188219355890125
0.0,0.3,5000013,0.0797792852557898,0.0019904794822947,0.8883150487530372,3.790359499124815,26.0,1.799215491060658,0.8231795184651471,2.226345584888484,0.6905255773628621,1.0044724832291605
0.0,0.3,5000014,0.0514711147812893,0.0008944714852365,0.8831631741091612,3.769803868767111,28.0,1.7819770906649637,0.8249971085198776,2.2088253923569567,0.6917416929433158,0.9934004025323144
0.0,0.3,5000015,0.0235228021903914,0.0002649121274891,0.8986794147711433,3.891879806832409,29.0,1.8481969294821097,0.8382308907497084,2.247978623248602,0.6885159773977182,0.9969744429625664
0.0,0.3,5000016,0.0665334692187046,0.0013261485140486,0.901166391412056,3.897370653095844,33.0,1.8511949415492996,0.851058009909166,2.268208140190644,0.6992515383578424,1.0203760012929166
0.0,0.3,5000017,0.0597735144074735,0.0014963241812657,0.914033912281606,3.9148381969890953,29.0,1.861411383904863,0.8510488068855332,2.2680685657775457,0.6948266159543205,1.015812096732929
0.0,0.3,5000018,0.0660306034125846,0.0016170061507217,0.8972390544102666,3.8686832095634847,32.0,1.8346250634438988,0.8342277438800265,2.231661750245821,0.684957444876741,1.0182289734723735
0.0,0.5,5000019,0.1440257855156176,0.0074442188634761,0.9055713331105912,3.8463789968513016,38.0,1.830191389767508,0.801108837287003,2.1890415257984905,0.6710013226779367,1.0776920239503074
0.0,0.5,5000020,0.1064335239929528,0.0038151785164201,0.8832023565521006,3.806249722579786,29.0,1.8005672788851004,0.8206115911876487,2.229890848026868,0.6768070455470443,1.0435160117023632
0.0,0.5,5000021,0.1034583692155727,0.0038201742983329,0.8904039826641862,3.792474546259407,30.0,1.7998300273020142,0.8247295176528057,2.2212798118911654,0.6788065816793114,1.0256402156134414
0.0,0.5,5000022,0.1096630100269203,0.0039092894965526,0.8872634559722469,3.736172834074009,29.0,1.7695363541358733,0.8215640379933334,2.2372097655360803,0.6971712519839236,1.0426426324111469
0.0,0.5,5000023,0.1293139821716801,0.0060933491613178,0.9113110405066742,3.97080458719788,42.0,1.8858043176438908,0.8162729245965585,2.20772535840388,0.6735008396173596,1.047259160810471
0.0,0.5,5000024,0.1340996909858074,0.0068987822290128,0.8864828919067756,3.78727748923514,31.0,1.792977171738278,0.7967030683388576,2.165821622766754,0.6644059270352332,1.0921620995650896
0.0,0.5,5000025,0.1252113336037857,0.0059414852730275,0.8944062786024639,3.8304122550123902,28.0,1.81695455142058,0.8216363502467044,2.221593252641909,0.689625731231851,1.055062942934966
0.0,0.5,5000026,0.0900918383626965,0.003460038736817,0.888813367910323,3.833273202850185,38.0,1.8162939635181083,0.8098596704032123,2.185958227490827,0.6854562562876518,1.0061507777852217
0.0,0.5,5000027,0.1198499326809292,0.0048143077940157,0.8822547766664203,3.7865367180417047,31.0,1.7940452621762248,0.8024218675735908,2.191335323555286,0.6741801127373973,1.0341711367632065
0.0,0.7,5000028,0.1953705520936342,0.0137190307801427,0.8985638275761733,3.832247484820281,38.0,1.8203393410767452,0.76324458577545,2.1402386607025776,0.6664426541036291,1.101176674077963
0.0,0.7,5000029,0.1960860788462815,0.0130543402718319,0.9049901031357434,3.909716908951798,25.0,1.8534556414298733,0.7722158558183144,2.133277693038248,0.6750038777916256,1.1135768204274243
0.0,0.7,5000030,0.2008283305381166,0.0148848724273244,0.8939061313245867,3.978882045107211,40.0,1.87788863082876,0.7546949944336354,2.1304667077862955,0.6725750697748429,1.1299349246386814
0.0,0.7,5000031,0.2094896016336421,0.0161777266434441,0.8884554505999489,3.935495544397702,39.0,1.8592679795138063,0.7707224917028338,2.149278808503368,0.6586145041922951,1.152768065521345
0.0,0.7,5000032,0.2191450448939179,0.0175008872614497,0.9049215139276346,4.088895160152392,36.0,1.928586295399182,0.7456333014115002,2.111715456501872,0.6483410949990913,1.201006767415821
0.0,0.7,5000033,0.2168404461682481,0.017663459747703,0.9079237670988212,3.972328200413698,32.0,1.877325819946911,0.7533777394885588,2.133404736403665,0.6625164817496164,1.1699552250073637
0.0,0.7,5000034,0.2249920723188708,0.0177606688573099,0.9065956142020344,4.061964091145957,32.0,1.9186967846432188,0.757697350335173,2.126043938112827,0.6583029741765571,1.1993792804180614
0.0,0.7,5000035,0.246502429716628,0.0204384167773839,0.8982886866059818,3.872454928693157,30.0,1.836706570387088,0.7295084525357607,2.0958814035507203,0.6590639746697807,1.1877555164450595
0.0,0.7,5000036,0.1948364771062958,0.0147770778980733,0.9095150424703964,3.993111049875999,32.0,1.8911804754832613,0.7786936691911795,2.173303748686208,0.6762891215266305,1.1154651796229915
0.0,0.9,5000037,0.3545077295684739,0.0460082345716702,0.8972748925113675,3.927075812274368,27.0,1.860811053253745,0.6596502624063019,2.076180431607983,0.622027859268756,1.3994255590999016
0.0,0.9,5000038,0.3540920100898813,0.0439642878074046,0.9038672633623236,4.192705018359853,38.0,1.970783202674553,0.658474415266402,2.0538427350990105,0.6209521762180532,1.4051842645909072
0.0,0.9,5000039,0.3451274710988026,0.0443366355122788,0.8877678645876761,4.082634328715908,38.0,1.920991951467696,0.6789377136663054,2.08681723530354,0.6243498686163297,1.3709086310232357
0.0,0.9,5000040,0.4039379541361132,0.0579579377223092,0.9201147904666924,4.248273269745806,35.0,1.9956708686232536,0.6777166059471231,2.095184911358953,0.6304084448619991,1.4566997253883556
0.0,0.9,5000041,0.3645361773127419,0.047443333884125,0.9183963755136444,4.201127819548872,38.0,1.9777565559791328,0.6616215361921821,2.071468628356535,0.6151797618069381,1.3820625710162353
0.0,0.9,5000042,0.3786394288599266,0.0519032259775294,0.9167207307403172,4.207789752316128,35.0,1.977330323857926,0.644155416190388,2.0698190000330894,0.6111286468837344,1.5097175880770457
0.0,0.9,5000043,0.3482969826772895,0.0425999588590928,0.8934890930084988,3.968031044996766,36.0,1.8825892236989363,0.6874681424306415,2.091162231433725,0.6330034882904642,1.2766649785100654
0.0,0.9,5000044,0.3741324307211007,0.0488522586520845,0.9000799194577932,4.0679238202458015,34.0,1.917773736741864,0.6737988728242706,2.0665796552437645,0.6481546101649143,1.3827146857491266
0.0,0.9,5000045,0.3173237687560771,0.0352195649456752,0.8879305039896618,4.044237866118559,34.0,1.907858301643237,0.7041701708682899,2.0808292039823613,0.6277568810437418,1.3086987935125374
0.0,0.0,5000046,0.0102577419991055,6.309316738213342e-05,0.9006072126300227,3.797275034507325,33.0,1.803934673891781,0.8410158931305771,2.241833101099241,0.6924463798017407,0.9863329616839352
0.0,0.0,5000047,0.0082732950663573,1.7067271606324817e-05,0.9131270720528782,4.008668674149101,33.0,1.8954005999399328,0.8533584144833248,2.2625719875451216,0.6945000456937587,0.9840970658547632
0.0,0.0,5000048,0.0167234915583473,0.0001485908501773,0.8837774670812378,3.7210824583754336,26.0,1.7679895652205966,0.8485945618830992,2.306738896137047,0.7103716766226339,0.9955406243414474
0.0,0.0,5000049,0.0324675098455713,0.0004419600184498,0.8885411250909847,3.846718285765733,27.0,1.820237718099933,0.8337943225538109,2.231728360701364,0.6778220105694316,1.0077261086617413
0.0,0.0,5000050,0.0331155289232079,0.0002694347877156,0.8834478659394975,3.70636101146207,31.0,1.7535205726580847,0.8366789367759159,2.2534439903947425,0.6979724477281932,1.0042648657167097
0.0,0.0,5000051,0.0229945317139775,0.0002846340914926,0.8890998900026981,3.75686222923792,32.0,1.779338588580495,0.8361455285059046,2.233352273514697,0.7059796688617193,0.9889983258170748
0.0,0.0,5000052,0.0214272509629378,0.0001962956974856,0.8877376425855513,3.7779126213592233,37.0,1.7919645415805494,0.8447771440642163,2.2697759552761894,0.6956581184359267,1.0153723363884792
0.0,0.0,5000053,0.0342639798750947,0.0005730750314626,0.8929222797927461,3.840397557605741,31.0,1.8154570554817524,0.8314663212435233,2.211346599051924,0.6864796388131321,1.0252132049710725
0.0,0.0,5000054,0.0146895165135434,0.0002500610275567,0.8850626398678184,3.712549896916261,31.0,1.7605597928097838,0.8303285717273545,2.2369944639310315,0.710999865483414,1.0053701310162486
-5.0,0.15,4500001,0.0333571589225125,0.0003821778963531,0.8684737185934859,3.723679530499733,25.0,1.7654246914036138,0.826280369567697,2.245188921134936,0.6903698297284709,0.9912530442343984
-5.0,0.15,4500002,0.048321962934391,0.0003682404145446,0.8863931378963,3.775688945901712,32.0,1.7913976562606364,0.8332658338265989,2.250957290132548,0.6892992381012689,0.9907780223995556
-5.0,0.15,4500003,0.0156428754090546,0.0002582379095041,0.873297374441203,3.634061135371179,26.0,1.7224968877855469,0.839265850945495,2.2652523650371044,0.699125079811083,0.9888317060081536
-5.0,0.15,4500004,0.0069123160693403,0.0001033661804209,0.8981900689049447,3.979708130646282,36.0,1.8794369777252995,0.8442737795250891,2.2442708840001666,0.6873438528213804,0.9921293462224192
-5.0,0.15,4500005,0.0200028967943679,0.0002293167960656,0.8680499597099114,3.6739813318973256,34.0,1.742180603754579,0.8299387166546504,2.279024063587265,0.7052014013476691,0.9880074094654128
-5.0,0.15,4500006,0.0299539679917428,0.0004798095027437,0.8871326408101478,3.7357777191594126,30.0,1.775348644135904,0.8383880565850603,2.236191749161132,0.7023291295384801,0.9929765850053236
-5.0,0.15,4500007,0.0464301652403363,0.00099039286672,0.8878713772828971,3.887193038407217,28.0,1.8367264061355169,0.8271502159321504,2.2318470264502723,0.6713816318907087,1.0191052368822076
-5.0,0.15,4500008,0.0062728684645699,0.0001447827238058,0.8675876704990316,3.773918888639928,27.0,1.7790417518800157,0.8329212510817159,2.262329485834208,0.6836711486408942,1.0038085866507165
-5.0,0.15,4500009,0.015840033377177,0.0002492600117084,0.8871780427502894,3.782254836557705,35.0,1.7961844774599502,0.8265316767335357,2.2306826020242974,0.6831634408780819,0.9945926799456968
-5.0,0.3,4500010,0.0651189352894217,0.0017604794082598,0.8745457548728114,3.7053626104452806,27.0,1.7558375080502109,0.829234803435745,2.219879226719361,0.6874457321960638,1.033034749292234
-5.0,0.3,4500011,0.0445466461045252,0.0009825481553819,0.8877179395943655,3.716971210726962,36.0,1.763179268164338,0.830263515917701,2.2581333788745623,0.6876570897372086,1.0008426512643238
-5.0,0.3,4500012,0.058993844057145,0.0012122017713249,0.8714036708807594,3.69233849439402,27.0,1.7518912050262134,0.8287307320761057,2.264608409968007,0.6939961920550738,1.0205219383552786
-5.0,0.3,4500013,0.0235217243217134,0.0001028973849523,0.877673153379368,3.734330484330485,30.0,1.7731997427907102,0.8375915463486084,2.2780354551404263,0.7019736047987927,1.0042397122157554
-5.0,0.3,4500014,0.038893178592713,0.0005397340382103,0.8823968639163711,3.690085870413739,31.0,1.7538342969490912,0.8403750025926617,2.288869744516785,0.6945642775308066,1.0118083608680275
-5.0,0.3,4500015,0.0665013152302529,0.0014689101736276,0.890801899097407,3.780444601895315,32.0,1.7933302434642877,0.8325507382480305,2.240057835113775,0.6810237591826946,1.0027834930873516
-5.0,0.3,4500016,0.0540996913215845,0.0009779496518972,0.8974712885891898,3.827065642269848,29.0,1.8179274034607524,0.8390422505531556,2.2451577433815446,0.6928299281602109,0.9965277186099296
-5.0,0.3,4500017,0.0402717843081995,0.0008197582461814,0.8809548981878925,3.786512769244752,37.0,1.7938997022853262,0.8183134924830313,2.2131960826363573,0.6889174776629262,1.0213473739705534
-5.0,0.3,4500018,0.0554745242530382,0.0008657818341849,0.8804567459482214,3.785394326048595,30.0,1.7955360899407258,0.8231951168175121,2.2329431915501,0.6820197657094762,1.0016922298653348
-5.0,0.5,4500019,0.1158153959460204,0.0047621427729265,0.8864091102596849,3.768642533936652,40.0,1.783784239982758,0.8237654320987654,2.233086177548253,0.6967985849512264,1.0349716887953695
-5.0,0.5,4500020,0.0737796399140081,0.0016431779797711,0.8992345752977512,3.858605558264261,28.0,1.8320534658739271,0.8228005660630726,2.205060417733608,0.673437986868847,1.0153674263265684
-5.0,0.5,4500021,0.0669298898293364,0.0018105694316925,0.8912455724854861,3.945810522408834,48.0,1.8610295572023916,0.8407928656760212,2.252800786185596,0.6919786131694915,1.0083274014106351
-5.0,0.5,4500022,0.0887147683184473,0.0028759247715908,0.8919699835782734,3.8984282729172346,34.0,1.844814013494772,0.8178539505685243,2.204636828465364,0.6851434309450071,1.0243788306457648
-5.0,0.5,4500023,0.0824831000357212,0.0027503964890536,0.8756917078896621,3.7431681748947225,33.0,1.770704275347687,0.8139672591598893,2.2260741207830548,0.6786779261628221,1.0455416394624482
-5.0,0.5,4500024,0.0947742166007437,0.0027982256123531,0.8988448329690915,3.8585596854896353,29.0,1.8300892675935572,0.8282599646165053,2.219797230395917,0.6918054509518633,1.0298359254684768
-5.0,0.5,4500025,0.1154790620264055,0.004693718035392,0.8913637691440971,3.772307828160184,31.0,1.7919368060248724,0.8165087843759129,2.230188356652324,0.6856672694604776,1.0519234772687116
-5.0,0.5,4500026,0.0653987226405864,0.0015149029454383,0.8899512032015715,3.792625907289487,30.0,1.7976943882645338,0.8236418921036958,2.2164890476056573,0.674891049670855,1.0052914031750353
-5.0,0.5,4500027,0.1002073349487946,0.0036831247395332,0.8916852131171749,3.7669548168612415,37.0,1.7866337693781356,0.8209309439176432,2.218074040297529,0.6920662837201714,1.0127525784007358
-5.0,0.7,4500028,0.1509793704038846,0.0078765641934271,0.8910489233939368,3.8735070575461457,29.0,1.8354879376945756,0.7835704399046717,2.1615899173174093,0.6710067578795013,1.0570980582713203
-5.0,0.7,4500029,0.1946732511882875,0.0133458262273664,0.8830187072113798,3.69383573846428,39.0,1.7585250070173362,0.7577698278340307,2.169336279814067,0.670370601166828,1.125742300169827
-5.0,0.7,4500030,0.1141348145757187,0.0048630961054853,0.8862171800379555,3.9572566000838103,32.0,1.86551800452553,0.8071312381389335,2.175778614796492,0.6727751239610703,1.0630775314929954
-5.0,0.7,4500031,0.1368157140922973,0.0078528616251896,0.8860513863523162,3.861219137198155,27.0,1.830834980814568,0.7807259671260169,2.162635277885569,0.6755283893126565,1.059934450691087
-5.0,0.7,4500032,0.1149080623551702,0.0044034226033671,0.8698736536868269,3.7815144966684673,36.0,1.7793390030895369,0.8040803645401823,2.220722202359671,0.6771613450320753,1.0341351951071571
-5.0,0.7,4500033,0.1505170763152693,0.0086251072919037,0.8867489247985302,3.841322239305417,38.0,1.8192176407103533,0.7880861413837739,2.188021678645954,0.6692464848613344,1.07564509242313
-5.0,0.7,4500034,0.1462315501966329,0.0079667480694461,0.8909261088866933,3.859221551491125,28.0,1.8308337801112395,0.8042431490822111,2.2007456102905603,0.6632715439498988,1.0808719913212737
-5.0,0.7,4500035,0.1529825061695707,0.0079032197613339,0.8931467311745346,3.8991524271404616,28.0,1.8488439178451843,0.7803496714043958,2.149741873668254,0.6517449249834689,1.077820252685738
-5.0,0.7,4500036,0.1590865641632723,0.0093425910189495,0.8831033172955178,3.897960134128167,37.0,1.8393117013179257,0.7688391575926394,2.133092314222567,0.6582905827858251,1.0627954766776415
-5.0,0.9,4500037,0.236079452731056,0.018978582339284,0.8756261568869415,3.948969485450172,32.0,1.860708761007081,0.7522667140750656,2.1528101993176514,0.643049586331941,1.1708764188021326
-5.0,0.9,4500038,0.1957915933778771,0.0133221114914901,0.8642547574752902,3.7861858580339662,27.0,1.792460759360029,0.7706590311483418,2.179358687984952,0.6622358485648989,1.0824109799518211
-5.0,0.9,4500039,0.2761274531648091,0.0264489663053955,0.8906290977372623,3.974765917602997,31.0,1.879982577859212,0.6983173707344195,2.082152575771793,0.6293529185276001,1.2310192746126825
-5.0,0.9,4500040,0.2668681437260826,0.0257465335442432,0.8933674886577575,4.095166234378684,34.0,1.9297700794613184,0.7224674135571947,2.095735474051747,0.6349670752493111,1.2265379054240222
-5.0,0.9,4500041,0.2381014142697732,0.0207095402622334,0.8785763103937753,3.96305255169797,31.0,1.8719379686746835,0.7413648073182272,2.1343918387116303,0.6489078881720662,1.170813780823841
-5.0,0.9,4500042,0.2259025717502487,0.0178952838737917,0.8839216345043361,3.9510981790876665,39.0,1.8742343667781087,0.7231589778048422,2.096870433511934,0.6582029916758699,1.158268677602847
-5.0,0.9,4500043,0.2709462853141844,0.0262438288981676,0.8864463501359549,3.904823328880085,37.0,1.8506624598928896,0.692412675172558,2.090475664240721,0.6381546643262589,1.2693398486664411
-5.0,0.9,4500044,0.2732036631106758,0.0284483560359432,0.881478101243505,3.91258113520232,29.0,1.8382916396575668,0.7105557917880959,2.0915057620392274,0.6321285895469118,1.2286246674549557
-5.0,0.9,4500045,0.2537509716894822,0.0226473492287001,0.8632551215113963,3.800203073798865,37.0,1.7995418300459436,0.7191241534042062,2.1272639870983747,0.6490502295420213,1.1624739912618738
-5.0,0.0,4500046,0.0177323459987858,0.0002044339108768,0.8869318881635669,3.706283508470941,27.0,1.760717665591285,0.836587018105678,2.235089258781912,0.6940543434277846,0.9918690632212456
-5.0,0.0,4500047,0.0106059794989102,0.0001115989093945,0.8756765294303465,3.687937915742794,29.0,1.7504014261437555,0.8210382225966094,2.232069503485193,0.6863583416935327,0.9990710283441832
-5.0,0.0,4500048,0.0239632010770897,0.0004059478367718,0.9033703892430404,3.8635918875644895,42.0,1.83803405953945,0.8494815985690665,2.2699345587928805,0.6948603291515222,0.992200937807618
-5.0,0.0,4500049,0.0134299302065811,0.0002280810808462,0.874064914992272,3.734941880943994,29.0,1.7763294874471918,0.8370530654301906,2.2720178995944624,0.7037262635152172,1.0102033074622925
-5.0,0.0,4500050,0.0181239019819242,0.0001735178490335,0.8921872173811272,3.702980790461471,33.0,1.758925935698934,0.8306840307702129,2.2082732286805262,0.698436706828584,0.9965681292023588
-5.0,0.0,4500051,0.0168466852897314,9.345220988373395e-05,0.8888900289343539,3.797527725419717,29.0,1.797805329944533,0.8381933471506844,2.2513366036487903,0.680664974501876,0.989898354508006
-5.0,0.0,4500052,0.0223251818756958,0.0003782906593133,0.8734513554264506,3.7014745308310992,32.0,1.7580765816187065,0.8312596872660558,2.252950590118024,0.6918427950394265,0.985198464619777
-5.0,0.0,4500053,0.0127360041235973,0.0002116266277213,0.8786577181208054,3.7410647557919727,31.0,1.7785216649814766,0.8375425916365513,2.270662169160357,0.6830165472349756,0.999224211409638
-5.0,0.0,4500054,0.0332570398422908,0.0003963967221043,0.8846843092310898,3.7414408460013218,28.0,1.7786540930916686,0.8337518232965201,2.256153260593758,0.7080570319221156,0.9892145666124128
