alpha,kind,seed,classical,DET,L,ENTR,LAM,TT,RTE,higuchi_fd_phase_theta,katz_fd_phase_theta,petrosian_fd_phase_theta,svd_entropy_phase_theta,permutation_entropy_phase_theta,sample_entropy_phase_theta,spectral_entropy_phase_theta,DFA_alpha_phase_theta,hurst_phase_theta,lempel_ziv_phase_theta,hjorth_activity_phase_theta,hjorth_mobility_phase_theta,hjorth_complexity_phase_theta,higuchi_fd_phase_gamma,katz_fd_phase_gamma,petrosian_fd_phase_gamma,svd_entropy_phase_gamma,permutation_entropy_phase_gamma,sample_entropy_phase_gamma,spectral_entropy_phase_gamma,DFA_alpha_phase_gamma,hurst_phase_gamma,lempel_ziv_phase_gamma,hjorth_activity_phase_gamma,hjorth_mobility_phase_gamma,hjorth_complexity_phase_gamma,crp_DET,crp_L,crp_ENTR,crp_LAM,crp_TT,crp_RTE
0.3,coupled,80323001,0.0120743475223944,0.6595964821520952,3.0951968094329807,1.4078671710243102,0.6367969847017959,2.130599629095405,0.7795511044853767,1.406463590059365,1.01024573510912,1.0031807604034302,0.4838107696890837,0.5339321789396603,0.1776720377251246,0.8275121967195926,1.0512160872101857,1.0512160872101857,0.1818060879044094,0.0206398903149672,0.7339370052838173,1.968938405024732,1.6367770929868628,1.019985424713527,1.0185314824172704,0.886978619084728,0.8939441950444373,0.6397960897523185,0.7700770385209195,1.2546107365030557,1.2546107365030557,0.3878529875294069,0.6229149490502849,0.7612436506197441,2.135864020371471,0.1249022001064062,2.437698509650623,0.8822505623752549,0.0071167026570275,2.498901098901099,0.7061037778002753
0.3,coupled,80323002,0.0312085784593387,0.6513885178541897,3.0896639111808364,1.4018453399224529,0.6020175806841456,2.111830068276139,0.7505665701191935,1.2005436675509171,1.0053440389621664,1.0026790825766003,0.2733485253144292,0.5176628322706466,0.2144713844818312,0.7184461400803057,1.2499462939512158,1.2499462939512158,0.1939264937647034,0.0105547813799706,0.3975359431228097,2.5170770975963173,1.6586843725533844,1.0214828649274403,1.018721421474648,0.9012012990321536,0.8965386957981804,0.6728323797257844,0.8023864108286585,1.162104214303176,1.162104214303176,0.3999733933897008,0.6447842010121659,0.8357247780757273,1.9843779382366604,0.1034964946869154,2.517389305959859,0.9671543245674052,0.0103553184386397,2.3688760806916425,0.6934352680220514
0.3,coupled,80323003,0.0347033065602182,0.6622738693467337,3.083406445575247,1.4100814952013545,0.6056595477386935,2.111069755221789,0.7758913108149021,1.4748051086852765,1.0114930511496247,1.0030923285788065,0.5793500970021787,0.5332823024157769,0.156747996334031,0.8662386222880909,0.9204214656392032,0.9204214656392032,0.2121071025551444,0.026337886950303,0.9395720056529316,1.7194412955308538,1.6542779251972488,1.0196521133250955,1.018205431089315,0.8812217689431487,0.8890397438088747,0.7127634720395299,0.7917214974950763,1.2188752968043337,1.2188752968043337,0.4242142051102888,0.592298762434085,0.7666584397201424,2.069270923605353,0.0972310146615684,2.421791233049511,0.8627179364038391,0.0087551594034083,2.157566302652106,0.7288138677510396
0.3,coupled,80323004,0.0378876368756505,0.6504725058666836,3.042601162928681,1.3806913842880033,0.6067038751823429,2.097325147993861,0.7791637192995717,1.4589207692443968,1.0109655429900029,1.0030628418384104,0.5165104167397514,0.5319614097462292,0.1690855916555599,0.8568044754733436,0.8183873132558028,0.8183873132558028,0.1999866966948504,0.0205389578936272,0.8179600177531269,1.847128937600007,1.6371368605106391,1.0189881013167963,1.018585770052603,0.8728123546392326,0.8950828152668716,0.6894339564259956,0.7817488207692219,1.110840179706037,1.110840179706037,0.3999733933897008,0.6151832842647067,0.7303794991163157,2.193542221426536,0.1255905758506172,2.501934839595556,0.9525677016589804,0.0066796165173256,2.2729211087420045,0.7201697744150148
0.3,coupled,80323005,0.0437482571957894,0.6791372966812432,3.123938685965012,1.4271305410239263,0.6381576502359922,2.1273590749535414,0.7725463468314044,1.422179256917617,1.0104184829205922,1.0034458007400633,0.4901129253736113,0.5455352581352648,0.1640787623605561,0.837751574127206,0.8761526769715794,0.8761526769715794,0.1999866966948504,0.019201158254017,0.7500321113827823,1.960139485396285,1.6542099642549344,1.020634465358929,1.0177970795499731,0.8952742969980352,0.8835952379833795,0.6366019522378752,0.7856349345104441,1.0439683657586032,1.0439683657586032,0.4787560314816116,0.5650761811950474,0.8132430286135132,1.992481903095729,0.1077770821840541,2.515989003038634,0.9623122794825252,0.0131777131770933,2.194014447884417,0.7153184444230163
0.3,coupled,80323006,0.081593321541421,0.676738711212402,3.064356997051485,1.3926844956938935,0.6029765333466903,2.1236410946217115,0.7528343642274324,1.4603348839161563,1.010400575672745,1.0027972478395366,0.5936991775742393,0.5225087066044792,0.1474081436534426,0.8906523299655262,0.8865952646459964,0.8865952646459964,0.2424081172058793,0.0249759596980852,1.0399906784702413,1.6102892830852948,1.6552897542421454,1.0200721924597411,1.0181510348476306,0.8780852466109792,0.8882509416654328,0.7120529608091759,0.7939453771056317,1.2399963463887624,1.2399963463887624,0.4060335963198478,0.5666170870153461,0.7914752633798876,2.0547364225485927,0.0985584504734046,2.4522234189875367,0.8987870664758845,0.0121829796970952,2.525641025641025,0.700983534385717
0.3,coupled,80323007,0.1129261171775141,0.6538413585018578,3.0746951219512195,1.3995481683083943,0.6050856544398174,2.1195108636314006,0.7780191715495604,1.6214499474472357,1.0141223095593808,1.0028563019482912,0.6633192752288991,0.5245529557767451,0.1179640057280568,0.91225087438223,0.7495734457221236,0.7495734457221236,0.1999866966948504,0.0359474849566906,1.0960893753117216,1.5078962246654848,1.6305526475094134,1.0186599094305198,1.0181782349126138,0.8635855281781376,0.8886664025754523,0.6604269512433891,0.7755791966094502,1.2620610197355846,1.2620610197355846,0.4120937992499948,0.6335174666911143,0.7159115170224801,2.2558709082779336,0.1035901010805158,2.526429675425039,0.9783347469374984,0.0101714249500934,2.289586305278174,0.7050819877426533
0.3,coupled,80323008,0.0370536917525621,0.6771251273979848,3.1134179617985525,1.4247268252756558,0.6355127526995472,2.11268843951708,0.7635017786296048,1.3415106523864813,1.0079936397164453,1.0035634738566177,0.4007689068228413,0.5502980122755536,0.1762980020968758,0.7804765285590418,0.8944416451735459,0.8944416451735459,0.1636254791139685,0.0154298635045705,0.5856503997375447,2.3069276213824,1.6187396712148665,1.0185370113168175,1.0183413536960912,0.8789614342077562,0.8916408686370091,0.6315073977660859,0.7893659405007507,1.2301713107038634,1.2301713107038634,0.4120937992499948,0.5387909253823818,0.7711002536494321,2.1492559702602336,0.1049967866323907,2.401215375918598,0.8377570353917474,0.0156033715641684,2.3488372093023258,0.694936936119182
0.3,coupled,80323009,0.036989238938164,0.6950791526750322,3.20060454571877,1.477279426834733,0.6634685787865782,2.143699141394571,0.7764022683808078,1.383824567474542,1.008690880568734,1.0039453922387649,0.4333652520909338,0.5622983427213265,0.1782181194613672,0.8131457621317415,0.9608989869442784,0.9608989869442784,0.2060468996249974,0.0150375456068091,0.6907428708152881,2.0333683953617694,1.6285981812123205,1.0181080950926693,1.0176334930278683,0.881739699237169,0.8805914674596088,0.615352072702126,0.7706868651518055,1.1658531386183195,1.1658531386183195,0.4060335963198478,0.5279097916184087,0.747175987121028,2.1672797842755984,0.10229925411285,2.3959896133871896,0.8306104381471611,0.0031658628824134,2.595959595959596,0.7117093796905449
0.3,coupled,80323010,0.0625302267439671,0.6913524468483354,3.1444927195866605,1.442223200965603,0.6476241496379104,2.114581357611009,0.770340380058616,1.4515761808710512,1.010797141612077,1.0035634738566177,0.5681216036765088,0.5500933361109822,0.1286890491363883,0.8738256369273215,0.8757251425453496,0.8757251425453496,0.1939264937647034,0.0260440532952992,0.911209314937172,1.7475264384963842,1.6566856552808358,1.0201145704190229,1.0177698249060418,0.8999227529245626,0.8827620833304717,0.7260745889988431,0.8044474462959982,1.283340853832062,1.283340853832062,0.4242142051102888,0.5037698285089613,0.8053781102496488,2.030528293615484,0.1121595552960885,2.435915104740904,0.8793441926849059,0.0108510800314744,2.371705963938973,0.6998184441319619
0.6,coupled,80323011,0.0551438051366673,0.6401802119251969,3.04720258775608,1.3791957428049375,0.6170999974830736,2.108848510912805,0.7816764868238756,1.2910258932111247,1.0075679418647117,1.003121810585209,0.3895146013625234,0.5342316031627714,0.1628571678341741,0.743793667191393,0.8898665253699782,0.8898665253699782,0.1757458849742625,0.0175931517590098,0.5207555434769108,2.415921405507895,1.6577595915257644,1.018588903980794,1.0180694113093989,0.8791683868036267,0.8866300218129762,0.6394553908543117,0.7619559520923577,1.18546816279726,1.18546816279726,0.3636121758088189,0.644354354576277,0.7401262117008739,2.2218394666925665,0.1429692798472784,2.4650281507145952,0.912687843689222,0.0127791313958453,2.550125313283208,0.7107432118312439
0.6,coupled,80323012,0.0848867938923303,0.657081878152891,3.02897859400155,1.3653408034568932,0.6184969602897425,2.11762621789194,0.7735304489696583,1.226299931119644,1.0059724721206078,1.0025904086559532,0.3203996318537377,0.5145182674799189,0.2020266912746302,0.7397719227876673,1.1569621339592029,1.1569621339592029,0.1818060879044094,0.0120273920211393,0.4692065076855116,2.638572947891353,1.6412490925164072,1.0197422111778935,1.0177153038905875,0.8906238561747104,0.8822408387997681,0.6114438419894269,0.7864191108450458,1.2876332365045986,1.2876332365045986,0.3817927845992599,0.6046540928149755,0.789459354110554,2.094907760879189,0.1150506372362576,2.421245421245421,0.8615969213218898,0.007993656646661,2.2382671480144403,0.7137065470476924
0.6,coupled,80323013,0.1222035863728183,0.6367770052398226,3.0174883609884207,1.3625360909460178,0.6109242744860943,2.1197718631178706,0.7894530665566059,1.5731766520488384,1.013245809322466,1.004033414764388,0.6706734311108855,0.5664711251761925,0.1268440547304514,0.9062767071586008,0.7496048023097542,0.7496048023097542,0.2121071025551444,0.0375392345348077,1.1212846378918548,1.4976848223490145,1.657361887580684,1.01953022554362,1.0183956955682976,0.8920644068417064,0.8917042619719769,0.6618853168899249,0.7641654609904502,0.968071210340325,0.968071210340325,0.4120937992499948,0.6522277219242968,0.7849967452560365,2.0935675476287177,0.1316643692471875,2.476048261856409,0.9257414059471286,0.0087471335192443,2.4545454545454546,0.7297325512024097
0.6,coupled,80323014,0.06029517738773,0.6073458789719803,3.005926388022458,1.354980545010524,0.5793639789757616,2.09546169451346,0.7705251232882816,1.415728711587861,1.0091871486031343,1.0030038541482382,0.5843761881935561,0.530243051965405,0.1661108225883858,0.878126821907075,0.891825304375073,0.891825304375073,0.1818060879044094,0.0255104674253018,1.0330139912233618,1.6373110691001291,1.650276989586563,1.0192521127859149,1.019073663822312,0.8874769146128727,0.9016117498000364,0.7078132471750862,0.7703336511044743,1.2206728325897562,1.2206728325897562,0.327250958227937,0.7209993045999787,0.762062852248387,2.1727793305058665,0.142319805748955,2.436542066379976,0.8788982304917862,0.0051976324043719,2.3189655172413794,0.7165385818585548
0.6,coupled,80323015,0.1622198584119778,0.6357273280584297,3.0184226369656835,1.3594214112964282,0.5868583891255833,2.121324624727856,0.7621199913364448,1.3774033195903768,1.0079409073525245,1.003121810585209,0.5071981041535991,0.5339732737826114,0.1843877019261903,0.8521760213614678,0.9482459312566964,0.9482459312566964,0.1878662908345564,0.0170005426046732,0.8763919951286785,1.8251222255311588,1.64460502615875,1.0188607118442992,1.0177153038905875,0.8782818813074773,0.8820148983613258,0.6506486214545071,0.7818966828467159,1.1336699955753469,1.1336699955753469,0.3575519728786719,0.641663943276592,0.7738892895509168,2.1246350308150115,0.1139805776391265,2.4682647779896487,0.9144054475107846,0.0067424776089362,2.131212723658052,0.7068093937603607
0.6,coupled,80323016,0.0756030150755573,0.6602797710736247,3.0821933824389105,1.396068656201513,0.6192345743948103,2.1101224768488884,0.7684888508397222,1.4994393340321597,1.0113567900910572,1.0028563019482912,0.5943659078648369,0.5236410301043999,0.1475323893629406,0.8968600033757309,0.7801850259998449,0.7801850259998449,0.2060468996249974,0.024081268172654,1.036355462186628,1.5897808611275723,1.6364197187680538,1.019693966861818,1.0180421956776933,0.8872233154807947,0.8870805494281828,0.6520143833412627,0.7885204913131887,1.247977175487322,1.247977175487322,0.3757325816691129,0.6057940268531967,0.7907067535201416,2.063844216893421,0.1204963031130009,2.5064026402640263,0.9584829814499616,0.0072287627328404,2.215953307392996,0.715946712029724
0.6,coupled,80323017,0.0775487268894862,0.6601448274996549,3.033331411106626,1.3747482424964348,0.5884589801834816,2.105525494510429,0.7659625183633515,1.357118926476929,1.0078665811552687,1.0029448474998792,0.540276830935369,0.5278546851031662,0.1620748266899296,0.8709315999834457,0.8693230672628883,0.8693230672628883,0.1757458849742625,0.019365424804791,0.9915335810203008,1.7105390943655323,1.6552451570887807,1.0212850870329393,1.0184771792991898,0.8857563315509911,0.8935377024591226,0.711870319307827,0.7945015344260821,1.1908552914002537,1.1908552914002537,0.4302744080404357,0.5972723840810521,0.8337068488631255,1.9850968281422288,0.1166575579252405,2.6265560165975104,1.0821006942209532,0.0070603337612323,2.165692007797271,0.7000532705974344
0.6,coupled,80323018,0.0847196995067659,0.6731916175935111,3.1059552774881243,1.4131636682516533,0.6415755308062228,2.127756147327656,0.7742250374780137,1.3856747795850284,1.009315642793558,1.002738174720605,0.4666699795910272,0.5200061936153072,0.143482749470144,0.8187982819599532,1.0049621497596142,1.0049621497596142,0.1757458849742625,0.0204841248716926,0.6776203017324111,2.062839368896307,1.6404425793922388,1.020094351850573,1.017906059065665,0.8941011978845912,0.8847544188073608,0.5765251968641721,0.784734477196119,1.1442368784784118,1.1442368784784118,0.3817927845992599,0.5727631511433681,0.7893705580872538,2.089731116663419,0.1202616424636955,2.4689025957337445,0.915782754779182,0.0141274411617426,2.482948294829483,0.7272623731199261
0.6,coupled,80323019,0.0747166133404803,0.6830878491585186,3.179976717112922,1.4605986597076404,0.63747530570907,2.1207986688851914,0.7680051790303896,1.4527130968087203,1.0102044620758548,1.0030333503621711,0.5812716129368766,0.5312765823784296,0.147792179454998,0.8811786315486245,0.7756568014623757,0.7756568014623757,0.1939264937647034,0.0230282042761404,1.025201253781203,1.621130610332951,1.6196435801352105,1.0182735847006117,1.0170871848940557,0.8806847512871647,0.872099740489408,0.6166858508454203,0.7773523345656722,1.1745189348027805,1.1745189348027805,0.4060335963198478,0.5495011033592445,0.7668628346924043,2.129551678934876,0.0915771079633102,2.491206686400836,0.939024967602824,0.0090380147091769,2.248407643312102,0.7123859252463933
0.6,coupled,80323020,0.0730889444721317,0.6828940156460213,3.1195584134752177,1.4237789284209568,0.6300762369824107,2.1350330301175577,0.7634337125856451,1.4389302458592417,1.0098221022787894,1.0027972478395366,0.563975353216303,0.5219371838376796,0.1517055671567887,0.9001293643675223,0.919225821738764,0.919225821738764,0.2242275084154383,0.0202063068065198,1.021868455177923,1.623586941599533,1.618482481264384,1.0194229914928743,1.017933294186416,0.8746260519594542,0.8853321565601586,0.6404758185442966,0.7768081464476728,1.315928260222383,1.315928260222383,0.4060335963198478,0.5372243074953906,0.7910663221041384,2.1020278015104625,0.1034887314793205,2.444063756889617,0.883788020662596,0.0050965377604248,2.3905325443786984,0.7138363813449379
0.9,coupled,80323021,0.0770267625871241,0.6856306446589847,3.1254400908574675,1.4260435609582012,0.6389847399563999,2.1181195028285917,0.7654329466578973,1.4080339820817176,1.009577604109939,1.0032986033132292,0.4608491066557353,0.5400910904801148,0.1747111299371819,0.8349783842541693,1.001706239267758,1.001706239267758,0.1999866966948504,0.0164338500543993,0.7180676132328524,1.9430924800026808,1.5821894705531294,1.0175899889986475,1.016868220620312,0.8694681447174298,0.8677197523251845,0.5651546794216634,0.783850095582093,1.293446143502463,1.293446143502463,0.345431567018378,0.5349723566516946,0.7485446982003982,2.1785746763227847,0.107826173863615,2.549401860877271,0.9992830933830608,0.0092447420529573,2.084507042253521,0.6961963266052406
0.9,coupled,80323022,0.1575649079773152,0.644279267321476,3.0355568790946994,1.3635192424494569,0.6082394731186873,2.117455497612604,0.7719580682994566,1.1946222221872511,1.0051459955553486,1.0033574964343075,0.2894768211575823,0.5433514313013269,0.188939426972333,0.7293776102789855,1.2765218555538127,1.2765218555538127,0.1696856820441155,0.0126964902534557,0.395964481553479,2.6870100151297174,1.642012923606416,1.0187661815157432,1.0175243570527908,0.8809055172903059,0.878879295704626,0.5638706824105949,0.771153163199894,1.0458667243484534,1.0458667243484534,0.3636121758088189,0.6464298064998728,0.7761554304816836,2.145523136087267,0.1042654917033842,2.472288085358625,0.9225387873837244,0.0055873253960813,2.3342036553524803,0.7089099041199558
0.9,coupled,80323023,0.174659038314301,0.6488005901656025,3.052297750119674,1.3814178443817746,0.5869540332222534,2.1077211171755463,0.7707056872825689,1.347813236948647,1.0082040853570635,1.0026199713926092,0.4269427764315511,0.5142125181858986,0.1841174597388088,0.7884128222414153,1.0955356264477976,1.0955356264477976,0.1939264937647034,0.017217178936352,0.6156030979864642,2.235380234038856,1.605873998471522,1.0173686047041444,1.0175516469247663,0.8526786953960455,0.8791810387444259,0.6232078862566803,0.7613284144049725,1.2765683850306768,1.2765683850306768,0.3757325816691129,0.5983724364871839,0.71513422359731,2.260751843967652,0.0936035665728649,2.424172944644612,0.8652605457318862,0.0110095804217915,2.3369127516778523,0.7055475679022739
0.9,coupled,80323024,0.1517399970975828,0.6687708179992266,3.070859827003494,1.3949692330493104,0.6247957185094625,2.121217255034836,0.7689627998134063,1.3880693634864405,1.009740830122419,1.0034752260824369,0.4925726934152499,0.5471888785615202,0.170162066106053,0.8353956772638733,0.8569075245189968,0.8569075245189968,0.2060468996249974,0.0202126496788988,0.7576808079319193,1.9746670156858983,1.6018144593211872,1.016610314119751,1.0171418865025357,0.8623991647001741,0.8734008437704933,0.6263640104010884,0.7466355318200325,1.262622568247879,1.262622568247879,0.32119075529779,0.5495188182984059,0.7226754855248957,2.253035396878148,0.1033413753811485,2.4298757671007336,0.8701730734537491,0.0096759203264349,2.261904761904762,0.7162758986374067
0.9,coupled,80323025,0.1975243913037724,0.6590558352518532,3.0502312510977108,1.3816715085119775,0.6049725504085814,2.113320518768918,0.757902361617814,1.3599969769582163,1.0085622268217431,1.0029153370617454,0.4817247618487226,0.5262008998486913,0.1803185671759461,0.8463000709214671,1.0671240122788457,1.0671240122788457,0.2060468996249974,0.0166517095197021,0.8062397296069317,1.9301087823008247,1.6256121965755126,1.0170500722614124,1.0178788200430118,0.849522940573892,0.8843952927552651,0.5784666475793802,0.7646872886301281,1.213912150620661,1.213912150620661,0.3817927845992599,0.5705912452843397,0.6888085940053394,2.348912688066209,0.1109464762203735,2.5979123787121434,1.053228504529092,0.0070381415790299,2.269230769230769,0.7314542722430121
0.9,coupled,80323026,0.2580391308530206,0.6735986211031175,3.089008534280314,1.4048181354676137,0.6480440647482014,2.1406910778751933,0.7849239560616094,1.450278543903039,1.0105347957331188,1.0032396913078503,0.5321691844236279,0.5390738325622845,0.1393822633657009,0.8552023472886072,0.8244819918393436,0.8244819918393436,0.1999866966948504,0.0224245503408036,0.8534228101189439,1.824235428652185,1.6245103381061008,1.0205420812740578,1.0170051029037468,0.8968786541569421,0.8712441207410416,0.5915671581968263,0.8030680491214713,0.763743186162327,0.763743186162327,0.4302744080404357,0.5481828601625931,0.813304352934094,2.0119456081060454,0.1129850832674012,2.444676409185804,0.8903945976595065,0.0023156635340884,2.0,0.6966789850044592
0.9,coupled,80323027,0.219523584375721,0.673545942532365,3.093271461716937,1.401886085306992,0.6266624565835175,2.136870666264697,0.7908226460018996,1.364492601338208,1.0089128876934854,1.003651679289871,0.4809699955136046,0.5530333874116098,0.1523750657540473,0.8200457221338019,0.9607192621849696,0.9607192621849696,0.2060468996249974,0.0188997228965419,0.7421145292794381,2.0363525604706294,1.617083193039789,1.018479555774744,1.0178788200430118,0.880251191592478,0.8846600531765882,0.575898390027926,0.7696474127966865,1.1897686958892837,1.1897686958892837,0.3817927845992599,0.5485792526337884,0.7907026333256207,2.123946456779888,0.0989098979250862,2.5488220958570267,1.005261358780001,0.0130194377368245,2.173684210526316,0.7046184121196416
0.9,coupled,80323028,0.1100590258903854,0.6859537874631588,3.131399615586231,1.429083711193455,0.6252025466654758,2.105056276312398,0.7798869931612168,1.364463737467051,1.0085698224709028,1.0027972478395366,0.4829237669790455,0.5220386090860497,0.1567801774732125,0.8292860293773727,1.0588217346403368,1.0588217346403368,0.2060468996249974,0.0183818043321783,0.7900137123213915,1.9814463993518727,1.645330889426487,1.0204355506615503,1.016868220620312,0.897699813416906,0.8691082168979075,0.5830619673500972,0.8017540897626143,1.1008898503931437,1.1008898503931437,0.3939131904595538,0.5547502593897286,0.8319483181232324,1.9818244357474573,0.0990338164251207,2.459231490159325,0.904531138163424,0.007403633252818,2.259117082533589,0.7195558186343739
0.9,coupled,80323029,0.2113562925682214,0.6915422264395945,3.15092729548299,1.4365824980787345,0.6445337861459322,2.128215699208443,0.7594467196009944,1.3669268090492257,1.0088921582596817,1.0037692207559197,0.4475648422330326,0.5572545368219601,0.1672203996461988,0.8315592268045484,0.8854813528499157,0.8854813528499157,0.2121071025551444,0.0152616054194125,0.7348465285219705,1.9672909980090731,1.611354367688458,1.0204000691573922,1.0168134400362565,0.9009860924051606,0.8670121478457713,0.6081379766699142,0.8007475986036655,1.1271941363203757,1.1271941363203757,0.351491769948525,0.5354820732932715,0.8729216768128536,1.9415112743158147,0.0985216379593798,2.409681410454686,0.845561090045094,0.006803753446139,2.2748414376321358,0.6992133124797033
0.9,coupled,80323030,0.2031989310209357,0.6477569367510919,3.066614420062696,1.3861433870553774,0.6054742713068725,2.113642425320057,0.7666561980928233,1.2697460548947852,1.0058760156073243,1.0025312688839785,0.3890031944676734,0.5123738850136029,0.1863652704747501,0.7779329676356211,1.0814232032445654,1.0814232032445654,0.1696856820441155,0.0131644108872587,0.6216219174484005,2.3996032300159653,1.6344612128310725,1.018494697084753,1.0168408323061555,0.8718535662563142,0.8686598761079958,0.5616900471317426,0.7791637392518352,1.0946145698935388,1.0946145698935388,0.3878529875294069,0.6229550679201855,0.763866023100892,2.1509415604108955,0.1038929703026878,2.5003056234718826,0.9520261170901282,0.0061147127735905,2.383663366336634,0.7120286646604024
0.0,control,80323031,0.0155959970249321,0.6452430170414439,2.953042976636862,1.3435581153489506,0.6117399415145709,2.1310705190129093,0.7613850854074682,1.3894956101366644,1.008416792230277,1.0035340626388805,0.5174407389982304,0.5492410688746314,0.1790694416388565,0.8584057316579499,0.9331838381770156,0.9331838381770156,0.1999866966948504,0.0185709970498017,0.9031139093262848,1.7885483981874326,1.77766597249861,1.0251247843039344,1.020852011050694,0.9106984413641692,0.9250417616230712,1.145584753093902,0.8143644317215766,1.0223571860155445,1.0223571860155445,0.6484417135257271,0.6768074795985486,0.8280642423758601,1.931726167769403,0.1254265517090244,2.3706508875739645,0.798233694828718,0.0070752797240014,2.3940677966101696,0.7023793407121649
0.0,control,80323032,0.0791945736377143,0.6637693208873436,2.945003353454058,1.3383929673250674,0.6165047932176915,2.1333449576077244,0.7554372991936511,1.4263149646431537,1.0103735438027268,1.0032102282189426,0.5297637617675418,0.5357941453196111,0.1495142506893512,0.8508801385609444,0.8489342771148284,0.8489342771148284,0.2121071025551444,0.0212874320763366,0.8244246844492505,1.8702636487185704,1.7962291047875076,1.0300227054043605,1.0206104812510588,0.9318769449449068,0.922029060660336,1.0697351182505277,0.851243054434742,0.9259964259114032,0.9259964259114032,0.6484417135257271,0.6611783035901498,0.9480682026507412,1.7294520098876522,0.100045172785906,2.3439658973982067,0.7601667542504148,0.0086330213064973,2.153364632237872,0.7073352695190523
0.0,control,80323033,0.0570410390405278,0.6668227848101266,2.9492218116672264,1.339846046950485,0.6154683544303797,2.1076769690927217,0.7694128296481265,1.508299758061518,1.0112453069361802,1.0030628418384104,0.6231495240255656,0.5325610756965079,0.1451945107402973,0.8934767453330792,0.7859415219589847,0.7859415219589847,0.1999866966948504,0.0294525608094907,1.0978726612017613,1.532572022917563,1.7792027466404858,1.0306365063160896,1.020529903522637,0.9455956008734508,0.9210888588186852,1.0499758822942746,0.86868595229572,0.8757439947584988,0.8757439947584988,0.6363213076654332,0.6934122689121947,0.9805098148848754,1.6693771075071666,0.1194338623003759,2.351129873354855,0.7728550379382163,0.0059792618008426,2.3465346534653464,0.728431411826689
0.0,control,80323034,0.0163872781093398,0.6667135909905298,3.030481065673899,1.3961136885723011,0.6181597133350397,2.108380619816674,0.7636191135966334,1.3753831197507491,1.008255891702768,1.0030038541482382,0.5193929537129749,0.5297726921871765,0.153477571100853,0.8682648571017398,0.8016157110178427,0.8016157110178427,0.1757458849742625,0.0183105561680839,0.937220449956794,1.7484958293874004,1.7754384363854572,1.0270249701067662,1.0208788288910606,0.932354055351434,0.9254402977708284,1.055922112441671,0.8485825903702219,0.962173870405321,0.962173870405321,0.5878396842242573,0.6211562683927102,0.9253965050348492,1.7682726182121904,0.1239027078287391,2.344447138700291,0.7626340719555917,0.0023579767534248,2.628571428571429,0.7144805077175945
0.0,control,80323035,0.0152037759386194,0.6371727285369337,2.912847483095417,1.3147391408389506,0.606730635516618,2.1233491870368324,0.772755955695501,1.399306621042184,1.0095377798853156,1.0032691496719983,0.4879791498483077,0.5399177406644263,0.1604931029696426,0.8353357165518759,0.81111249262227,0.81111249262227,0.2302877113455853,0.0190680278111564,0.7680776978358115,1.973459099685812,1.8039386066189012,1.029160660739464,1.0202879664624047,0.9361142033458922,0.9174639212031822,1.1211432761393492,0.8551681952816136,0.8707954652386322,0.8707954652386322,0.6423815105955801,0.7293741134370317,0.927284541364406,1.7414038314670115,0.1293453695944744,2.353858595194085,0.7760947615639219,0.0125949061730276,2.396135265700483,0.705585829626769
0.0,control,80323036,0.0246895931520563,0.6657565070094935,2.9650940209435874,1.353155074041474,0.6266638856232698,2.1369269564842552,0.7767895949818721,1.465716786806309,1.0109502603599394,1.0030333503621711,0.6082635718446556,0.525933019544429,0.1475489143901603,0.8983421588090357,0.7153855524782857,0.7153855524782857,0.2181673054852913,0.0266326606295772,1.0164782019155123,1.6098230319411224,1.7797192741873769,1.0256015194719734,1.020153424585665,0.9117001142009415,0.9163851278190586,1.1402475660895333,0.8250444661992468,0.9236549176378952,0.9236549176378952,0.5817794812941103,0.5979531787818281,0.8511254521547347,1.8505703937340463,0.1238764504003922,2.42530150135368,0.8670141649705185,0.0117666285340741,2.247298919567827,0.7108361483228065
0.0,control,80323037,0.0150916488609437,0.6683508410130824,2.958183581493525,1.3462859153683615,0.6155055745311594,2.1205621794444816,0.766024447165449,1.3873462362238929,1.009254005714329,1.0028267772692558,0.5078165052471169,0.5221112476765293,0.1822180589653262,0.8522490349941689,0.9712607644014304,0.9712607644014304,0.1999866966948504,0.0191449272594294,0.8415872655942508,1.8823153175328384,1.8173498666854808,1.0299432594659428,1.020852011050694,0.9333278657692772,0.9250716111270986,1.121247281283267,0.8585806856922744,0.923317956082726,0.923317956082726,0.6484417135257271,0.6509862786377095,0.9426300567489873,1.7259117484996371,0.1051308068998985,2.3806193806193807,0.8082684237922968,0.0062961258973082,2.30184331797235,0.7145508904815558
0.0,control,80323038,0.0259243120164232,0.6425338789663568,2.9248491179201483,1.3230354588685989,0.6178082890325213,2.1283515228705068,0.7717249886117022,1.2643758611281208,1.007119465004198,1.0032691496719983,0.3408916330339127,0.5397769331535973,0.2059600336532604,0.7614288043899093,0.9763617615462848,0.9763617615462848,0.2181673054852913,0.0137272006413683,0.476117577439993,2.3633743002610346,1.785919493763868,1.0272321231490684,1.0212806464855255,0.9263282234889936,0.9302644973034508,1.1013317033612624,0.8228619489283895,0.908132783473254,0.908132783473254,0.6060202930146983,0.6768388105694904,0.8878971781338678,1.8247670973576853,0.1325245101123878,2.334552710342534,0.7471765983336612,0.013290207281926,2.6041923551171395,0.7194738843706486
0.0,control,80323039,0.0256168848841972,0.6438000705396282,2.909598087213936,1.3084837909959497,0.5948002216959742,2.121484410099739,0.7635632675761092,1.3220759994220594,1.008249450956186,1.0032102282189426,0.4131422966679803,0.5378769448000619,0.1907213995272917,0.7917787408100017,0.8126148003689374,0.8126148003689374,0.1999866966948504,0.0165310129281778,0.600688743775436,2.133330146772599,1.7832075942460852,1.030137733698971,1.0213074043825106,0.9414720976663324,0.9290185787627556,1.0604437973589818,0.8506395453548038,0.96322395320786,0.96322395320786,0.5878396842242573,0.7285707556837672,0.9703260820126144,1.6886840314238425,0.1020021920880913,2.2685657596371884,0.6545958920676388,0.0059454017128874,2.1108597285067874,0.7126278239608562
0.0,control,80323040,0.0602141832686713,0.6532593967983138,2.8998663399420805,1.3085271797758402,0.5934598785567321,2.123375603187072,0.7722104293524221,1.5450595418111783,1.0118720034631523,1.0029153370617454,0.6452254188627196,0.5270523494401097,0.1431199583961081,0.901478912240318,0.6700360266767199,0.6700360266767199,0.1878662908345564,0.0313368653691381,1.11553028729945,1.511911041883303,1.790717012602053,1.0296803050839338,1.0209860627045473,0.925164314104486,0.9267553058646618,1.197274681009569,0.8467053519558688,1.068543517189429,1.068543517189429,0.6120804959448453,0.6708025974128974,0.924534435122408,1.7524039633216613,0.1136914135377337,2.324712272080693,0.7362001334509994,0.0101820757521138,2.613636363636364,0.7221789767152053
