alpha,kind,seed,classical,DET,L,ENTR,LAM,TT,RTE,higuchi_fd_phase_delta,katz_fd_phase_delta,petrosian_fd_phase_delta,svd_entropy_phase_delta,permutation_entropy_phase_delta,sample_entropy_phase_delta,spectral_entropy_phase_delta,DFA_alpha_phase_delta,hurst_phase_delta,lempel_ziv_phase_delta,hjorth_activity_phase_delta,hjorth_mobility_phase_delta,hjorth_complexity_phase_delta,higuchi_fd_phase_theta,katz_fd_phase_theta,petrosian_fd_phase_theta,svd_entropy_phase_theta,permutation_entropy_phase_theta,sample_entropy_phase_theta,spectral_entropy_phase_theta,DFA_alpha_phase_theta,hurst_phase_theta,lempel_ziv_phase_theta,hjorth_activity_phase_theta,hjorth_mobility_phase_theta,hjorth_complexity_phase_theta,higuchi_fd_amp_gamma,katz_fd_amp_gamma,petrosian_fd_amp_gamma,svd_entropy_amp_gamma,permutation_entropy_amp_gamma,sample_entropy_amp_gamma,spectral_entropy_amp_gamma,DFA_alpha_amp_gamma,hurst_amp_gamma,lempel_ziv_amp_gamma,hjorth_activity_amp_gamma,hjorth_mobility_amp_gamma,hjorth_complexity_amp_gamma
0.3,coupled,80321001,0.0002551172559009,0.8512279716048449,3.837408670238675,1.8391831835405856,0.8265766982528552,2.4207486867919754,0.6810298403087526,1.3930867440261436,1.0069767666470046,1.0020713101775345,0.5486207243842036,0.4928787128729291,0.1232775762245652,0.8181220267137691,0.9115580072259772,0.9115580072259772,0.164072309701101,0.0089010569654936,0.7293169361872246,2.04713288259928,1.3935356263437837,1.014714809574372,1.0070427672084945,0.5884233016427683,0.6610671533595008,0.3424003627514623,0.8686179659054449,0.7027551021294045,0.7027551021294045,0.4412979364374443,0.0381529638902154,0.8711601842805078,1.7561362009650117,1.423250526753202,1.0167934183044334,1.015140869079348,0.5952615628628931,0.8424915369429709,1.2475072322158425,0.804447245434719,0.5337601411466137,0.5337601411466137,0.7015505656185012,0.3289679735370007,0.5590197174254626,1.7534678468321898
0.3,coupled,80321002,0.0004420552283513,0.8564370606757774,3.84813262195122,1.8439624406341872,0.8319409251386224,2.4396685735605024,0.6914566812034278,1.255210011343,1.005424952794803,1.0019357687174766,0.4188769061165095,0.4883311314315213,0.1423963613315798,0.7592901872582236,1.1121257677327885,1.1121257677327885,0.1867029731081495,0.0065634353838372,0.4950054735744575,2.467266772046109,1.3242109865999083,1.0123879645669258,1.0070163987990095,0.5436032917386732,0.6605342734119722,0.4188863059784302,0.8641104697642371,0.64851495006622,0.64851495006622,0.4639285998444927,0.0294518273431816,0.836967933807737,1.8056986551476988,1.4140879741676644,1.0168436261020903,1.01491362525945,0.6027338626478412,0.838446301574568,1.2399087091423855,0.8067291895897271,0.4504066625884239,0.4504066625884239,0.7241812290255496,0.3406654547689915,0.5594181213104819,1.72133620935969
0.3,coupled,80321003,0.0002085221713777,0.8412069038632798,3.704295051353875,1.7783961288112955,0.8225107077732072,2.442312535415224,0.698107692371992,1.4043623978003066,1.008005444003983,1.001908648210142,0.6136434695581389,0.4876681047300301,0.099737979007511,0.8256179534425735,0.8332465325537907,0.8332465325537907,0.1584146438493389,0.0127558018271484,0.7491025306369986,2.0419005524549982,1.2999181368416264,1.011902217203969,1.0065675523769857,0.5459182911946189,0.6475856056828571,0.4368228358498963,0.87296444100055,0.6835804903012992,0.6835804903012992,0.4469556022892064,0.0288603871144059,0.860674854309133,1.827958627425432,1.436002116821826,1.0180878413248178,1.0153426310178937,0.5967437725355667,0.8460504056519378,1.261814723955691,0.8066997990719484,0.6732953949021835,0.6732953949021835,0.690235233914977,0.3148466391588919,0.5841693743333902,1.637037916291827
0.3,coupled,80321004,0.000441123732587,0.8393369223388946,3.6577932636469215,1.7582604943567173,0.8191034593038751,2.4236192158470806,0.7117363002706181,1.3585047250082385,1.006908837013854,1.0018815236275709,0.6306746448976267,0.4836734685070454,0.1130947326762576,0.8506100222333567,0.96974905672912,0.96974905672912,0.1301263145905284,0.0113650259273038,0.8488758582777454,1.921155376765112,1.384666966671528,1.014142196903344,1.0073062422479768,0.6527934048351767,0.6684405497064979,0.3970700079271279,0.9073310486954768,0.7002392657845745,0.7002392657845745,0.4639285998444927,0.0464119980097872,1.0603733992955322,1.5701435631821743,1.4367154535386482,1.0183439115811066,1.0147619750842038,0.5997617410141959,0.8360178532136565,1.2611485550475,0.8085430244119644,0.7695911691009238,0.7695911691009238,0.7241812290255496,0.311782709206484,0.5882668177695413,1.6729983884207125
0.3,coupled,80321005,0.0006901267289383,0.865190705830776,3.913345231013286,1.8717328038534664,0.8323651907058308,2.444634005021567,0.7016670789655958,1.447815859837135,1.00862743971235,1.0018001254135804,0.6691799005414347,0.4833706525019505,0.1015754315530953,0.8558726460017859,0.9663155227426948,0.9663155227426948,0.1470993121458147,0.0139711261212487,0.8940758257870852,1.7879492826408914,1.3608980545255318,1.01372617456868,1.0070954926137916,0.5911083112835098,0.6627121791811397,0.3861084118889333,0.8805438537984965,0.8052987571061189,0.8052987571061189,0.4469556022892064,0.0371508776627121,0.9054144493356212,1.7516652771344925,1.390009243846703,1.0155696001005812,1.0152669959023617,0.5928402654418345,0.8450639151293468,1.1762973798236338,0.7930627219001346,0.6871201129882342,0.6871201129882342,0.6958928997667391,0.3597338520708539,0.536124120343723,1.7651155533670184
0.3,coupled,80321006,0.0002870373122981,0.8546841051420782,3.890246267209618,1.8601402493675363,0.8342244280662889,2.448981506089077,0.6832124955014934,1.3893027697099196,1.0068542348181018,1.0023150287501708,0.6753586075081459,0.5042455528060342,0.1172310681587358,0.9047117251050644,0.8560911162961408,0.8560911162961408,0.164072309701101,0.0118547356862983,1.073913076787702,1.5896774910301967,1.313233894935684,1.0120515067544806,1.0069900265831886,0.5386776214449437,0.6597800228014379,0.4424804626456178,0.8691256485986798,0.7965081072164615,0.7965081072164615,0.5148475925103516,0.0263974332085989,0.8595220450734025,1.80379662215396,1.4452840228596224,1.0168733165395751,1.0154182354368295,0.5951707961798615,0.847693572268052,1.2231952016237717,0.812971928009232,0.7764175807787951,0.7764175807787951,0.7128658973220253,0.3132535260466129,0.5627176863297934,1.7744401755169317
0.3,coupled,80321007,0.0012280442351736,0.8672676140677296,3.9377579259115407,1.8807056700634015,0.8397919139426213,2.444221402673389,0.6992514128889324,1.3056415224239688,1.006088374170797,1.0018001254135804,0.5193496211059176,0.4830086610950107,0.1216629709232614,0.779332364205021,1.0293856205911809,1.0293856205911809,0.1414416462940526,0.0098099825649926,0.583528983022819,2.337730932277917,1.3454098104122274,1.0126473468404769,1.0069900265831886,0.6016331494685223,0.6589297547866546,0.392240487724591,0.8846167003999229,0.8558026122699138,0.8558026122699138,0.4582709339927306,0.0340557915779055,1.0036047696797814,1.643708404424963,1.400309984781141,1.0156520774469138,1.0145848934913877,0.5946392589287658,0.832728090622103,1.1765927997847132,0.7891380532320953,0.4807979721604506,0.4807979721604506,0.7072082314702632,0.3696635159249996,0.5365755953665398,1.784666518654318
0.3,coupled,80321008,0.000109074833345,0.847680543387737,3.764180394793718,1.8057821675309964,0.8301642925900689,2.4484656118412658,0.7033694122681552,1.2911147226184516,1.0056273528209128,1.001854394968278,0.4623453482990077,0.4854868575419642,0.1293049794764729,0.7390844229105401,1.1293182460125073,1.1293182460125073,0.1131533170352421,0.0087131976001394,0.5009564836440239,2.4996668137061726,1.3531994956804128,1.013267057022481,1.006937270727199,0.579534394396615,0.6579674291274709,0.4061815169074299,0.8835526131786252,0.7429163072040363,0.7429163072040363,0.4526132681409684,0.0315610837700082,0.9282680815145412,1.6980209020152768,1.4224789388353225,1.0170906030389464,1.0145089497324962,0.5900686150197468,0.8302590371071414,1.2521961955436036,0.7996895322021843,0.6439839235854479,0.6439839235854479,0.7072082314702632,0.3110588132473203,0.5647357570622357,1.7359060680066425
0.3,coupled,80321009,0.0004031049983286,0.8534543142558488,3.755773699435671,1.8028446124314503,0.8248488636486093,2.4286802151254103,0.7090927341340406,1.2470752862646006,1.0045408819453272,1.001989997512374,0.4650993456247108,0.4911862630642074,0.1293865405364322,0.7549408156875588,1.1190863969896958,1.1190863969896958,0.1244686487387663,0.0070234442397371,0.5908036588349553,2.5320234337971748,1.4441500293619844,1.0147936035572247,1.0068844996298396,0.6552550963790355,0.6565896572345279,0.3286471964154314,0.8946331918030932,0.8387189826141644,0.8387189826141644,0.4299826047339201,0.0489281779517727,1.0435653153485829,1.5831338095606355,1.4067797551329528,1.0163457129070896,1.0146608062479885,0.5900312976728479,0.8337306909776558,1.2412937245995137,0.7977127985009203,0.5777691257448168,0.5777691257448168,0.7354965607290738,0.3350640981307764,0.5512338593721858,1.7264381597362426
0.3,coupled,80321010,0.0002575155947398,0.8492774471980645,3.808797653958944,1.8257855006726285,0.8324614747487957,2.4348144842534745,0.6959194976586837,1.3209504303515378,1.0067603572663826,1.0019357687174766,0.4967809034006123,0.4867209996194281,0.1412286903261894,0.7647802621467917,1.0275071095193675,1.0275071095193675,0.1867029731081495,0.0086746926841559,0.5922534609359175,2.3052469912453626,1.391747149032854,1.0138907443493146,1.0074904490901204,0.6306878051682812,0.6729863044235137,0.3721512127764142,0.9063144455634944,0.8843110307423686,0.8843110307423686,0.4922169291033032,0.0345993194808806,1.0872053157433714,1.52509415056085,1.4147307966250464,1.0170193901360884,1.01491362525945,0.5863665351713669,0.8384482385493404,1.25237456241193,0.7924113676589088,0.7009328528787755,0.7009328528787755,0.6732622363596906,0.3195004980436189,0.5613929680493253,1.6916829103539732
0.6,coupled,80321011,0.0002726383770974,0.8440377804014167,3.7017040105441534,1.7782268592837005,0.808183964795535,2.3886465652608373,0.702607639243533,1.4156433340394126,1.0076454519117388,1.001989997512374,0.6333067799906259,0.4908976573391487,0.1116144580613308,0.8519908399637537,0.9072284527040896,0.9072284527040896,0.10749565118348,0.01220679541946,0.8346496677610661,1.8846608663324091,1.4558054482823348,1.014681862987686,1.006091096902107,0.6623441651942185,0.6334040343558938,0.3544595046514168,0.8930578819411383,0.849687034457959,0.849687034457959,0.3677482803645369,0.0560419898199112,1.0372983404685865,1.6031468233924109,1.443679486748229,1.017757472628945,1.015644864816923,0.6088000701214569,0.8513658403796456,1.2504204984619556,0.8092517229749406,0.3811001266029863,0.3811001266029863,0.7354965607290738,0.3308459588583639,0.5805183257502824,1.7467410062541873
0.6,coupled,80321012,0.0004465283699604,0.8393868148319962,3.633563050522568,1.746651891342666,0.8161287941886578,2.4182755388940955,0.6994516824102794,1.3104077321709116,1.006781160867169,1.0020171058029037,0.5188743451646289,0.4900447512735378,0.1231647946656762,0.8158817305629507,0.8103195285232289,0.8103195285232289,0.1867029731081495,0.0076598806062326,0.690347993219895,2.1171917531415243,1.4026677021257548,1.0148762815323142,1.0063294802115208,0.6426191623366454,0.6405020248783869,0.4066480690839412,0.8821396819346641,0.620947603550548,0.620947603550548,0.4526132681409684,0.0503629832344929,0.9547508950628764,1.6876849994526817,1.4374061327740932,1.0185445404347526,1.0151661012789184,0.6118532171197942,0.843141137724689,1.3184626865188116,0.807756525153134,0.6265014116002617,0.6265014116002617,0.7354965607290738,0.3293272951503178,0.591136898498045,1.6857623189855553
0.6,coupled,80321013,0.0007047153530754,0.8482699517943224,3.70530157690328,1.7804153081311869,0.8244777718264595,2.440389371551779,0.700639911433537,1.2281744209826262,1.0049214466071106,1.001908648210142,0.3698294754096871,0.4874569930441531,0.1327308668043475,0.7376329126519604,0.9599552497224916,0.9599552497224916,0.1753876414046253,0.0061326108636915,0.4253668362482054,2.52497276461796,1.3833275062203398,1.0142412232080242,1.006197083515669,0.5753553208032601,0.6359250702973398,0.403394275220577,0.8548569305850341,0.7481657624832481,0.7481657624832481,0.4299826047339201,0.0445462118456532,0.7737263872866728,1.87256710597774,1.4249971063725049,1.0168241269082912,1.0151661012789184,0.603836229393571,0.843276934180107,1.2820696055357923,0.8004726653078139,0.510336653415312,0.510336653415312,0.6958928997667391,0.3528237309258989,0.5581089095626027,1.786039198602859
0.6,coupled,80321014,0.0001766489810888,0.8390698187028159,3.598137908218725,1.7302165317581115,0.8071471868628424,2.406720341767992,0.7073837973068058,1.3581770652572478,1.005831335552748,1.0019357687174766,0.5389930079168899,0.4891160543802333,0.1209259654562263,0.7901935693582994,1.02894565336222,1.02894565336222,0.1357839804422905,0.0080413963536258,0.7014957852044852,2.1112505087549134,1.519063803344629,1.0175213588053615,1.006646840792645,0.7018592423768109,0.648719377241712,0.3149746857347706,0.8924318392871584,0.7494383187541246,0.7494383187541246,0.3847212779198232,0.0720228362163481,1.0288692702214688,1.584811228652143,1.4488379416059634,1.017437441215416,1.0154434300935824,0.6093082909475959,0.8477467297014255,1.2964590389176374,0.8027791950842047,0.6046411530909018,0.6046411530909018,0.7185235631737875,0.347717210268747,0.5701405858806069,1.7717502769856095
0.6,coupled,80321015,0.0003697996982422,0.842734015262915,3.6265588914549656,1.7434593654242505,0.8048772634087177,2.397276258371829,0.6988704214499383,1.2754039511549926,1.0058017573972968,1.001854394968278,0.4567631485896363,0.4818968515213898,0.1118160409901524,0.7806602181933722,0.9937240751116496,0.9937240751116496,0.1527569779975768,0.0080408377619648,0.5309504907421364,2.286469698760223,1.4567434794027034,1.0168078259621216,1.0064088721228497,0.6680853398683745,0.6430188897706387,0.3502601317379973,0.8911007439752145,0.8900827119546624,0.8900827119546624,0.4299826047339201,0.0640203886691859,0.964803696226644,1.6500985845546985,1.4160331600306222,1.0172028589805573,1.0158209418222912,0.6097651126477537,0.854462609724271,1.2634043017176744,0.8069308813556871,0.4521473991280655,0.4521473991280655,0.7411542265808359,0.3575715500890229,0.5692364397231912,1.7305505030853667
0.6,coupled,80321016,0.0005303955058925,0.844291147655322,3.7200134447325457,1.7861698653101548,0.8180708579897777,2.424644702842377,0.7061599564437918,1.3812408520069084,1.0070746208592465,1.0020713101775345,0.599068343029753,0.4941260578862591,0.1171316447406036,0.8253733202475908,0.8923514679843328,0.8923514679843328,0.1414416462940526,0.0110066358236114,0.776549793219328,1.9543578288429917,1.3874764240111672,1.0157581270986873,1.0069636505596968,0.6148063003880195,0.6587927282967954,0.3848983216369295,0.8763936914391725,0.6816911693072164,0.6816911693072164,0.4243249388821579,0.0410973300226523,0.9186012567171687,1.695970447463924,1.4322022897135482,1.0175045083248124,1.0158460821133275,0.6070931186872339,0.8547707567450726,1.2853771107390566,0.8051983212280256,0.6517663795512436,0.6517663795512436,0.7241812290255496,0.3311791078335986,0.5735846719465986,1.7401832547574736
0.6,coupled,80321017,0.0002849572898852,0.8312738054016621,3.560741599073001,1.7117427017475009,0.8037623355263158,2.414487477449658,0.7264367415259977,1.294951491905088,1.0062033033237747,1.0020713101775345,0.5172117225360915,0.4939100265439618,0.1319690284787643,0.7804782117525447,0.9631865319434748,0.9631865319434748,0.1697299755528631,0.0104873888931255,0.5723614265426293,2.35802392851728,1.5424774284212086,1.019041292903102,1.0063824119914302,0.7562479168712365,0.642142703381045,0.3351521988865292,0.9223206353758432,0.7669308156900622,0.7669308156900622,0.3960366096233474,0.0889036965681833,1.158886318011528,1.453915367834678,1.433340945034752,1.0183184785652577,1.0153930373727118,0.6059055676106591,0.847113405077084,1.2798900040311665,0.8066002990823173,0.5381506367668991,0.5381506367668991,0.7581272241361222,0.3172946220881791,0.5903628146316682,1.7053166007541731
0.6,coupled,80321018,0.000157942559434,0.8545003954653309,3.776648799813563,1.813283030277888,0.8172475612971263,2.3976455300651267,0.7039114447927161,1.216069987147094,1.0038972776413788,1.0019628851510594,0.4110609502518052,0.4898933096724541,0.1374767105727358,0.7153961202855551,1.1967269785288333,1.1967269785288333,0.1470993121458147,0.006448545886402,0.4750208830781167,2.8895182680210123,1.3319592123292956,1.012876449423572,1.006117599332335,0.5404525783192282,0.6342845860010976,0.4180057838032427,0.8357433877182557,1.0186791937849826,1.0186791937849826,0.3790636120680611,0.041669501563203,0.734492713484901,1.9630891607927063,1.438431374528821,1.016962274236433,1.0158712190159849,0.6063734420017293,0.8554878364065189,1.2645635900380554,0.805412645708026,0.5918447273811267,0.5918447273811267,0.7298388948773117,0.3378891637731131,0.5640626075307428,1.8058220943741896
0.6,coupled,80321019,0.0004696999004892,0.8323050184662177,3.59289130638657,1.727611195881612,0.8117097545079296,2.411293965795418,0.706190408500242,1.431702666397162,1.0075535984197772,1.0018815236275709,0.7065593332659915,0.4819744057768824,0.1065386405614154,0.8813675575953608,1.0005391473220393,1.0005391473220393,0.1470993121458147,0.0141475384448685,0.9899313065092374,1.6926800004120903,1.4521025945617465,1.015525827276464,1.0065675523769857,0.6789227143208874,0.6476224014631958,0.3473752289517718,0.9016245062458004,0.7557870621978249,0.7557870621978249,0.4130096071786338,0.0602488244677467,1.0616672592636278,1.5475545640951287,1.4518277821302352,1.018239634563927,1.015317422724947,0.5986879685689392,0.8457624883511301,1.342860534847742,0.8099660364520024,0.7267023409048955,0.7267023409048955,0.7128658973220253,0.3087247059540997,0.584821778707109,1.719592377986915
0.6,coupled,80321020,0.0005736975476934,0.8291317129903835,3.600710845063836,1.730517709286131,0.8055211552750886,2.414977077548912,0.7085129200175136,1.2857818311077716,1.005513153724672,1.0016915373180686,0.4862253014347171,0.4780500160393122,0.1163609540306606,0.7612282869557697,1.079897161775668,1.079897161775668,0.1470993121458147,0.0091243564163311,0.5179901305700463,2.443460099764628,1.4648898140923765,1.0167499816689147,1.0065939856762032,0.6902745426293599,0.6484529680187656,0.3550782949807984,0.9006585362111201,0.8245514630992047,0.8245514630992047,0.4412979364374443,0.0650898084360869,1.0286232146375214,1.5875776240120143,1.446594007490191,1.0188375439582205,1.016498543600686,0.6148480177447684,0.8655106578988091,1.3165802017750394,0.8160547398692276,0.5527109066863554,0.5527109066863554,0.7241812290255496,0.3132987851370634,0.5988693412362842,1.704770229721426
0.9,coupled,80321021,0.0006676140509074,0.8233653214428037,3.4647842639593907,1.6636269475220835,0.7659267396900277,2.3234933755901523,0.7067638941528007,1.2599651163821235,1.005231616420345,1.0019357687174766,0.4588584440527666,0.485608105137017,0.1174313396366416,0.754758449319673,0.7546892347306429,0.7546892347306429,0.1414416462940526,0.0073666550520756,0.5072786533058754,2.627542891868246,1.430088044147498,1.0153528619047407,1.0056133928895723,0.6355041318481087,0.619529154279661,0.3618403647904249,0.8711779684911735,0.8745404028648494,0.8745404028648494,0.3055139559951537,0.0685272045724261,0.89970222917219,1.7602543660823853,1.4755975786341071,1.0204745706509568,1.0176473469299572,0.6497030849994447,0.8835435013651878,1.448403960588856,0.8211190783067844,0.5285098435097344,0.5285098435097344,0.7581272241361222,0.3473151109680201,0.6355668907482506,1.77936021849103
0.9,coupled,80321022,0.0006917019754667,0.8246708540318395,3.4692986364851617,1.6662428989779128,0.7609706496065077,2.3152331539428315,0.7076317880556037,1.544360746239966,1.0109090287327722,1.0017729845152006,0.7586591422418418,0.4806718712840014,0.0706033560654566,0.886420859885427,0.6112949490966623,0.6112949490966623,0.1753876414046253,0.0201225974134964,0.9680383772626008,1.6588797703429392,1.4501251965846398,1.0152727758257492,1.0054804746812118,0.5919491622946399,0.6154534730920951,0.3724227400337975,0.8445506764126974,0.8661265796393599,0.8661265796393599,0.265910295032819,0.0651786071391675,0.7954932430543916,1.8765028060401905,1.4573765646206405,1.0201016174887585,1.017497902433521,0.6511961640121298,0.8817507613861337,1.4279325069712745,0.8150556650020653,0.6203126436001861,0.6203126436001861,0.746811892432598,0.3497533170636646,0.6304820053327889,1.8068900721044208
0.9,coupled,80321023,0.0002051232971101,0.8150557620817844,3.434830130248657,1.6479085970841192,0.7486113512578888,2.292154721725895,0.7071196884951092,1.3957461375589744,1.0077509138138143,1.0018815236275709,0.5865675478601468,0.4863548943795338,0.1125764119752988,0.8035648048069497,0.9371056197070712,0.9371056197070712,0.1357839804422905,0.0106450288720138,0.6908991970696938,2.074549290454885,1.4029961873620262,1.013973366219382,1.0050544828870716,0.5868124212204741,0.6021290854182686,0.3671421004599813,0.8455472426345318,0.8973658059111612,0.8973658059111612,0.271567960884581,0.0660263992909763,0.796228714166449,1.93648363870486,1.4912876447494792,1.0214231261996407,1.0183431828519156,0.659065186722805,0.8942740696728649,1.4566562050647274,0.8312116390246547,0.6135884179293631,0.6135884179293631,0.7524695582843601,0.3568131579152683,0.6552332655911829,1.7418112506006989
0.9,coupled,80321024,0.0005617281438393,0.8302347966213512,3.5408671586715865,1.7024341126679297,0.770643392492132,2.3276766026949773,0.7133691779591548,1.4220572622521803,1.0073444018767137,1.0017186904689348,0.6051554442225916,0.4795526594663711,0.1099429342696768,0.81930174838097,0.8398116118602144,0.8398116118602144,0.1357839804422905,0.0099741811305562,0.7771566559192387,1.980674899811812,1.452928380598972,1.0154088944068562,1.0053740701931415,0.630606178550295,0.6119648259875942,0.3516273496953943,0.8695489082564122,0.9085303664276676,0.9085303664276676,0.3111716218469158,0.0656456634952045,0.9084644667891142,1.7434366184004506,1.4759248665065805,1.019698709867209,1.018219115707068,0.6358971128537351,0.8923254208947293,1.4500493868194475,0.8092179241673548,0.575046526378689,0.575046526378689,0.7241812290255496,0.3397577756367363,0.6202497138147657,1.818936166218648
0.9,coupled,80321025,0.0004257585087658,0.8189586667102098,3.4365064863877217,1.6493212455050283,0.7641379010047571,2.3414666688904084,0.7091147484330322,1.2239055862720247,1.004440520132256,1.0021796701425276,0.3685740029312006,0.4983888619130759,0.1314540028745866,0.71834425597216,1.2056909731803471,1.2056909731803471,0.1357839804422905,0.0054038750902916,0.41338612493102,2.754787768771559,1.479060971734698,1.0157185557222577,1.0060380804798172,0.655728202069706,0.6320502650957392,0.3590055815112437,0.8666566567897328,0.8100002090985592,0.8100002090985592,0.32248695355044,0.0751668065097761,0.9382323165843536,1.717344738180841,1.4871422857218095,1.0202868474993505,1.0178712903366316,0.6480581032537232,0.8872881019001946,1.4444431152708015,0.8197472732827658,0.577215922378845,0.577215922378845,0.7298388948773117,0.34659724804026,0.6302188646479343,1.825442621085637
0.9,coupled,80321026,0.000463253750547,0.8243838410136249,3.5230170135830514,1.6934905651433187,0.7594756139894124,2.293015639073119,0.6981745025871425,1.548497892402883,1.0097528510774207,1.0018815236275709,0.7357933672931226,0.4863032966405784,0.0766842971328336,0.8879197776048574,0.7683585551891448,0.7683585551891448,0.1357839804422905,0.0169086258698425,0.9533684347905288,1.6656321120994786,1.4201477691214996,1.0153641476384287,1.0057196576421994,0.5723591328321495,0.6224158496694946,0.3692310801429304,0.8423702410239594,0.7684532293278754,0.7684532293278754,0.2998562901433916,0.0567051607247148,0.7914378478664114,1.8587797777799373,1.471678565669192,1.0204069397501785,1.0175228181338771,0.6502431137091226,0.8821382963886703,1.3821215305843748,0.8173169286571152,0.9044083539870846,0.9044083539870846,0.7524695582843601,0.3626258809884515,0.6382081242394937,1.7357348976235905
0.9,coupled,80321027,0.000528428203284,0.8251577646216902,3.4998620309050774,1.6815607147850518,0.7570912757790644,2.2993216320347747,0.7137022020768127,1.3693206935544715,1.006257543546255,1.0016100533366368,0.5979793538165791,0.4742132742620805,0.0979235590825126,0.8102863966180079,0.9209608518950112,0.9209608518950112,0.1244686487387663,0.0094146401436583,0.7891245562672818,2.018906650751173,1.5211434151725938,1.0162904782392956,1.0051610743846446,0.6399350171704995,0.6053978244438277,0.2949213019934516,0.8748421758091689,1.0023786257721856,1.0023786257721856,0.265910295032819,0.0775214645982426,0.9247203906206832,1.6840760242663055,1.491452155892288,1.0196025331895924,1.0180204373859223,0.6368872167658035,0.8895890224182361,1.4349973911095095,0.8150381039244796,0.463929827570618,0.463929827570618,0.7185235631737875,0.351025868649677,0.6153980480977718,1.8143925395788456
0.9,coupled,80321028,0.0003022731193646,0.8259322577198419,3.456712279760308,1.6594932435553862,0.7637300993695908,2.3372026485735304,0.7133540117814373,1.207318627402535,1.004185909658367,1.001854394968278,0.3800616286125217,0.4855426992077826,0.1334658218638127,0.6927523661483471,1.3674814377765454,1.3674814377765454,0.0961803194799558,0.0073137003250175,0.3612290679777041,2.843669950210902,1.453683409007652,1.01518079598621,1.0054272802126498,0.6404998555039146,0.6136449459615769,0.3374631360738529,0.8664930947652671,0.9696508067975506,0.9696508067975506,0.271567960884581,0.073653616056449,0.9217133715079804,1.7546043652877414,1.4788744943192411,1.020223137425685,1.0178712903366316,0.6420395882811267,0.8875257390695046,1.4213552574875288,0.8188032746410765,0.6858231235493892,0.6858231235493892,0.7524695582843601,0.3353624744123931,0.6313011169840437,1.7720460574938226
0.9,coupled,80321029,0.000218197635553,0.8308676443845405,3.537137392413133,1.7007122006576538,0.7751569804135511,2.3442408165245943,0.7159822822649263,1.4364026972000536,1.0074333636334531,1.0017729845152006,0.670683488729515,0.481697446142041,0.0942496401283577,0.8783869537531093,0.8760076059658913,0.8760076059658913,0.1414416462940526,0.0110878594898112,0.9750544788387436,1.6900750781728129,1.5056782139119034,1.0167823999561352,1.0053474593483327,0.6483021551390606,0.6104466332094717,0.3284104996302497,0.8779949854788526,0.6815321963158952,0.6815321963158952,0.2998562901433916,0.0740363597805598,0.9205232985312942,1.720339823811005,1.4781019637373964,1.0190432644427465,1.0179707348892386,0.6369029864756043,0.8886520474994012,1.3952297425855218,0.8145917830340171,0.7218920537758441,0.7218920537758441,0.7241812290255496,0.3494255494274135,0.610047867360439,1.855808969542979
0.9,coupled,80321030,0.0003471858863536,0.8380853098904878,3.5762175548014308,1.7199996977695542,0.7681812808305302,2.318133908446708,0.7075854514472983,1.3650862510132054,1.0065160117313148,1.0020442100241298,0.5452028781104951,0.4926716687124041,0.1067706261891514,0.8082664773860568,0.9782810180401204,0.9782810180401204,0.1357839804422905,0.008307945780868,0.6656980824423807,2.0926358011475443,1.5166965748467387,1.0171441649618864,1.005107786444546,0.688600214242302,0.6026451352503241,0.306775986200059,0.8966648788715775,0.7930635783001265,0.7930635783001265,0.3338022852539642,0.0836837093142084,1.0382438869986297,1.585929078965011,1.455486201730281,1.018887242464673,1.0179707348892386,0.639101280948921,0.8883167425467788,1.377982334108418,0.8082382294343647,0.5554863953011753,0.5554863953011753,0.7241812290255496,0.3534513978071013,0.6060234669831713,1.851289359330388
0.0,control,80321031,0.0001632701684943,0.8399093459961148,3.77283304246655,1.8097046249055764,0.8264029786315562,2.4328287080427637,0.6880688765334896,1.455277144333086,1.00830727466626,1.0020984062645972,0.6210288333534578,0.4951499041302246,0.0933427327958554,0.8486162025382361,0.8036323271803595,0.8036323271803595,0.1753876414046253,0.0121670999669196,0.8029310839422082,1.833648961601068,1.342144544934901,1.0134778328929668,1.0073062422479768,0.550921524210774,0.6683661788596446,0.4344154021886974,0.8694183892693356,0.7001400313241186,0.7001400313241186,0.4695862656962548,0.0293748311405833,0.848337807604307,1.7906463632637943,1.4165071303417751,1.018335325980129,1.015014656762841,0.5989223068630062,0.8401567574670693,1.2896175624226511,0.8027827895790016,0.6234009809596802,0.6234009809596802,0.7015505656185012,0.3103645435205816,0.5881019263029454,1.632513613498019
0.0,control,80321032,0.0003130596077315,0.8601733625103571,3.889662791814776,1.8610633243526105,0.8339352864942956,2.4321519301071937,0.6911125909229664,1.4164432249638712,1.0080012561726468,1.0020713101775345,0.6183378840970754,0.4938018708243626,0.1115804167294951,0.8437857819973311,0.7915458495379635,0.7915458495379635,0.1414416462940526,0.0118199197442054,0.8102443581483149,1.9239803312967745,1.3057292786913697,1.0117294455441073,1.007227239609443,0.5432142115206919,0.664794584700915,0.4143192231567835,0.8733745050154956,0.7512004663082456,0.7512004663082456,0.5148475925103516,0.0261064550389023,0.9059053415918388,1.773644609673359,1.42870744289917,1.0166398393958094,1.015317422724947,0.5932672713620369,0.8458005402273275,1.2366667305637309,0.7991356620926956,0.9847741289275124,0.9847741289275124,0.7185235631737875,0.3398740298361999,0.5565082919867228,1.7132557007031517
0.0,control,80321033,0.0001816984930546,0.851953297027895,3.826699474115888,1.833311234107896,0.830175404676742,2.422229534912874,0.6997770669023196,1.3110113856087386,1.0065465982145412,1.001827262230777,0.4644517100298925,0.484436569724959,0.1077667140750171,0.764826266934553,0.8977629334197332,0.8977629334197332,0.1470993121458147,0.0096237962627326,0.4989487691300447,2.3392419905719164,1.3562260186513275,1.0126711417086762,1.0072535776162015,0.6129968698454611,0.6666374410994308,0.4161701831193284,0.914212278341796,0.7717437115689587,0.7717437115689587,0.4752439315480169,0.0301185064456828,1.1118768617643224,1.5087328385882437,1.4192100688599298,1.0172375046256614,1.0149388882773385,0.60107968317717,0.8388590879707853,1.2628906910218771,0.8038592467097048,0.5469875506755704,0.5469875506755704,0.6789199022114527,0.33920457631349,0.5654859508042962,1.7132192125740089
0.0,control,80321034,0.0001776406327203,0.8507372269880248,3.812809075923592,1.8279406322213865,0.8340184550145499,2.4597211587544665,0.6896502020316208,1.3817096879328583,1.006820052598511,1.0020713101775345,0.5988464754691302,0.494555916239233,0.1121594133836562,0.8301554619583481,0.9058199125167388,0.9058199125167388,0.164072309701101,0.0095914679603308,0.8360564421296218,1.913633518497292,1.249056376198306,1.0102833999458996,1.0073852107611838,0.4076008928559674,0.6706320959924362,0.4640907588809432,0.80315851626946,0.6456942332227146,0.6456942332227146,0.4639285998444927,0.0190123125082689,0.584735676793887,2.112971933905939,1.415602821371922,1.017326452404966,1.0153426310178937,0.5937622637673425,0.8462074918129622,1.2633023536531578,0.7993999706098862,0.6403259009100722,0.6403259009100722,0.7072082314702632,0.3207595889792263,0.56880650102249,1.6821966778840534
0.0,control,80321035,0.000381902731604,0.8548840704164877,3.836826130943778,1.837735651712576,0.8370223271790468,2.4545769327625284,0.7033296875081197,1.4142403212625612,1.0079186780313825,1.001854394968278,0.666460209670513,0.4853329567362256,0.1115782651291385,0.862597020026267,0.9868293993511787,0.9868293993511787,0.1527569779975768,0.0129368542342275,0.9384824226077771,1.7303198643981623,1.3118880889856983,1.012701489671702,1.0070954926137916,0.5033225614198199,0.6620614848138305,0.3951022023445397,0.8434278648358218,0.6478209730090969,0.6478209730090969,0.5091899266585895,0.0284096547719058,0.7014031289393889,1.9316887182264837,1.4099786222224835,1.016684053398856,1.0146608062479885,0.589436337534723,0.8341266769449068,1.2371158544271794,0.7917220181492027,0.61165085119421,0.61165085119421,0.690235233914977,0.3209535210895725,0.5554822714152626,1.7309294385896268
0.0,control,80321036,0.0003881187120249,0.8605197617758528,3.839638594965454,1.83861811691127,0.8361451001624256,2.446355874479241,0.6922155176898401,1.1549769474378238,1.0036201186555709,1.0017729845152006,0.2822736130125434,0.4796322479009567,0.152258927764804,0.6767669320297891,1.3718430068285905,1.3718430068285905,0.164072309701101,0.0064658996906568,0.2856564122303674,2.792545366227768,1.3590180772344829,1.0139541149501712,1.0074115260216996,0.5856530168546377,0.6713968021323377,0.4165191968723429,0.8869916710589029,0.452971245385329,0.452971245385329,0.4582709339927306,0.030911155262849,0.9466866814074952,1.651430670517834,1.4046962175170812,1.016404384281078,1.015317422724947,0.5952141483213983,0.8456654259176862,1.2283229169747742,0.793519592171704,0.5838543751796748,0.5838543751796748,0.7015505656185012,0.3421606385767504,0.5513548238120607,1.7088329898187515
0.0,control,80321037,0.0003120682814288,0.8619180433383394,3.895849495733127,1.862450454987392,0.8394121433168847,2.481369906453147,0.6973405922275538,1.3224421504064086,1.006238290480422,1.0021525862456158,0.5182871487958106,0.4978390355819825,0.1353106982278517,0.810779264774476,0.6859523055488447,0.6859523055488447,0.1470993121458147,0.0082137267052542,0.6576878667404988,2.137899860127648,1.375392173333712,1.013440237512922,1.0074378374958126,0.5849473551000525,0.6721578984300718,0.364035592040046,0.870757156988274,0.6439574883941271,0.6439574883941271,0.480901597399779,0.035446285855022,0.8778684929015516,1.734473796576445,1.3860528948838846,1.015167098208984,1.0145848934913877,0.5792156475220201,0.832322490394327,1.1893567599378458,0.7934064413927164,0.5735742831170408,0.5735742831170408,0.6732622363596906,0.3526172280430306,0.5265666339544234,1.750742421615987
0.0,control,80321038,0.000329228696075,0.8623703184564578,3.875172973230901,1.8549200866705204,0.8438512100071146,2.4708662396617127,0.7017528809357291,1.539158533764843,1.0103997731444248,1.0019357687174766,0.7501390441953169,0.4887484051528156,0.0821109758531555,0.9145317212939216,0.7498016910358337,0.7498016910358337,0.1584146438493389,0.0208243307232695,1.1420772140074205,1.4870956258082408,1.4554295842093854,1.0160693200640525,1.007148202809743,0.6752193169286087,0.6642409666555921,0.3691141916995367,0.922713881892326,0.6470619883386771,0.6470619883386771,0.4695862656962548,0.0412524234231868,1.1557525477217097,1.43632591428932,1.4082060982847011,1.015841919588613,1.0147366880330824,0.5862358350900889,0.8351566676065223,1.234046815586385,0.796256691419509,0.4756442201280533,0.4756442201280533,0.6958928997667391,0.338271358778055,0.5392336128331613,1.7667919904764309
0.0,control,80321039,0.0004360321588039,0.8550131256279235,3.8465202177293936,1.8431089364238795,0.8350492076009809,2.4532427757589224,0.6945736710076335,1.320435928960557,1.0066232631428125,1.0018001254135804,0.5326559577184664,0.4828412038572258,0.1016450917283071,0.7923615995690989,1.046975665975529,1.046975665975529,0.1357839804422905,0.009868981651403,0.6287677710914155,2.2405181452374507,1.321442298134105,1.0127492207195472,1.0074641451848454,0.4969812732427301,0.6716007334450119,0.4366213176550051,0.8340820065103612,0.735342839371699,0.735342839371699,0.4865592632515411,0.0256236352367386,0.7144673466405098,1.8704883801828731,1.4319157092292287,1.0169240284596073,1.015468621344092,0.6064527161416727,0.8485078743553327,1.2504623247180844,0.7990455973994066,0.5426435526578719,0.5426435526578719,0.7185235631737875,0.3467004660099226,0.5617450544229006,1.746635773269328
0.0,control,80321040,0.0001847118632498,0.8590017729543867,3.87039457758412,1.8533116661112736,0.8378015365604685,2.465532506956741,0.6854378221402145,1.216280423587914,1.00469087818809,1.002125498286798,0.3947496800435093,0.4948637838631032,0.1523940965613129,0.7356280268421698,1.00437971470897,1.00437971470897,0.1414416462940526,0.0066607238165285,0.4441954302305967,2.564174668524302,1.311689949157255,1.0133612065795792,1.0075167492129593,0.5045585392644175,0.6742128615341088,0.4725188284505916,0.8546978995622276,0.6386279163263847,0.6386279163263847,0.4582709339927306,0.023763756801283,0.7610173430148923,1.8448927355538545,1.4383445332925937,1.0165450861976069,1.0157957981417636,0.594673082820077,0.854236083106247,1.251127452863315,0.7994856318025815,0.6234238229059754,0.6234238229059754,0.7128658973220253,0.34447629306926,0.5530351628980262,1.75177952138318
