alpha,kind,seed,classical,DET,L,ENTR,LAM,TT,RTE,higuchi_fd_amp_theta,katz_fd_amp_theta,petrosian_fd_amp_theta,svd_entropy_amp_theta,permutation_entropy_amp_theta,sample_entropy_amp_theta,spectral_entropy_amp_theta,DFA_alpha_amp_theta,hurst_amp_theta,lempel_ziv_amp_theta,hjorth_activity_amp_theta,hjorth_mobility_amp_theta,hjorth_complexity_amp_theta,higuchi_fd_amp_gamma,katz_fd_amp_gamma,petrosian_fd_amp_gamma,svd_entropy_amp_gamma,permutation_entropy_amp_gamma,sample_entropy_amp_gamma,spectral_entropy_amp_gamma,DFA_alpha_amp_gamma,hurst_amp_gamma,lempel_ziv_amp_gamma,hjorth_activity_amp_gamma,hjorth_mobility_amp_gamma,hjorth_complexity_amp_gamma,independence_ratio
0.3,coupled,80293001,0.0564425545768339,0.5098434232672004,2.560742875440282,1.0185351502361548,0.653943744581017,2.7705002160760586,0.6983990124862606,1.0654795873872172,1.00078882161653,1.0029743531947586,0.1734625296473547,0.5292928527738129,0.4005252223321049,0.5538308300788135,1.8965412133613904,1.8965412133613904,0.1939264937647034,0.2653840481848801,0.1092886181999724,1.8912938446818,1.4807938985472102,1.020547100173911,1.0160723483593013,0.6212372427421908,0.8559121776902595,1.3976270055750335,0.8099283129705858,0.4757598858379661,0.4757598858379661,0.7393447574779318,0.7878608615780126,0.6258018178845438,1.646017832594292,0.9919279693439388
0.3,coupled,80293002,0.0607541288012385,0.4962464471889777,2.55663536673452,1.0140587804536167,0.6381485871601729,2.7941570400133937,0.6924448073865582,1.0581953829806756,1.0006186970291089,1.0027677136572737,0.1761335712224156,0.5214130696094378,0.3761571814520235,0.5410402391683514,1.8513145988755628,1.8513145988755628,0.1878662908345564,0.3513382308499796,0.0966117649131882,2.151864301042337,1.4933684612103084,1.021014284973801,1.0166215832688077,0.6289855782910571,0.8650338269301139,1.363156095461756,0.8190731756156574,0.5303809455631362,0.5303809455631362,0.7696457721286668,0.7780980166495665,0.6346790126417751,1.651394854402893,0.9948900760718294
0.3,coupled,80293003,0.0890298722795529,0.5227379337449447,2.5696123644522,1.0270746062168734,0.6634380110805431,2.8353922843519723,0.7093348847522593,1.0741170684440946,1.0008460290218253,1.0029743531947586,0.1963271051430005,0.5290914412154939,0.4153553367116012,0.5380891632320626,1.7996072494611606,1.7996072494611606,0.2181673054852913,0.2829518684196829,0.1131883016874349,2.478136392211675,1.4747327431561597,1.0197109629527437,1.0166764193017324,0.6243915981882164,0.8660188211082535,1.3845045333164083,0.8127186497721304,0.6314662267697964,0.6314662267697964,0.709043742827197,0.8320632639684336,0.613160249752387,1.760969958013981,1.0028902688313568
0.3,coupled,80293004,0.0996292532400138,0.5109084777420358,2.559222922487168,1.0172735269041744,0.6573817059250804,2.823010081880465,0.7112189822383025,1.0691102995453168,1.0008321792801853,1.0028563019482912,0.1883092002489847,0.5239781324157331,0.4174012020410443,0.5642618296148113,0.8265425254922383,0.8265425254922383,0.2242275084154383,0.2912173425703865,0.112204844890516,2.0987832002694624,1.4668062620847844,1.0203077929315385,1.016484423740647,0.6381117858953018,0.8626749507105249,1.351834876983755,0.8147888985823077,0.6178408193166076,0.6178408193166076,0.7151039457573439,0.8391316407556499,0.6281468364746217,1.6999770400288643,1.0066149439672951
0.3,coupled,80293005,0.034940021008274,0.5046300368141327,2.581335561411402,1.0395853672231228,0.650422797120205,2.817377816479808,0.6995483184497495,1.0609617388297,1.0007866953444573,1.0030038541482382,0.1816893524460251,0.5300768743417257,0.3983901755312704,0.5571155749712242,1.8544439929194436,1.8544439929194436,0.2302877113455853,0.261464600051999,0.1091080896606259,2.19510331469618,1.5015335239988596,1.0210569403638836,1.0172239093654225,0.6356320792730977,0.8746960121927163,1.405187177240076,0.8267547123309568,0.9126834977917656,0.9126834977917656,0.7635855691985198,0.8043113655053655,0.6357839403038058,1.6706302677297642,0.9939476795065392
0.3,coupled,80293006,0.0895666893777887,0.5067814992025519,2.5931318143239537,1.0513950088054975,0.646341307814992,2.788100610930706,0.7030535841196323,1.055242502775939,1.0007004617755002,1.0024721100346523,0.1639243154559487,0.5086554481372887,0.3919520010294043,0.5522662470290264,1.9313624575029744,1.9313624575029744,0.2181673054852913,0.2735364277246156,0.1028837468942659,1.824616502603664,1.4592880721442494,1.0196287026259945,1.0163471648637146,0.6225785171246829,0.860675050442182,1.357146784642714,0.8078262884881247,0.515299153026984,0.515299153026984,0.7817661779889608,0.824154410465214,0.6081991232941009,1.6802387658269442,1.0163151258421224
0.3,coupled,80293007,0.0404826420927366,0.5043438442067237,2.5651808242220357,1.0231435102062068,0.6491216912372642,2.7691138965760485,0.6930277193148313,1.0624707091258114,1.000658443257775,1.002738174720605,0.1721604539759013,0.5199417526648938,0.3707618317231985,0.5354800356820685,1.8453175172548748,1.8453175172548748,0.2181673054852913,0.3067158392646698,0.0997386579355459,2.138171525833336,1.5061415372922553,1.0202306497010756,1.0168408323061555,0.625222512463313,0.8683674853882813,1.4231068662029318,0.8136938085758216,0.6619042876404432,0.6619042876404432,0.7454049604080788,0.813575058551764,0.6201194145974591,1.7286294896497616,1.022008417004219
0.3,coupled,80293008,0.0579980339446858,0.4970372424922464,2.543483870967742,1.0007402240887542,0.6413802667742505,2.7315095707267307,0.7062483472680764,1.0618355441651777,1.0007921393281451,1.0025904086559532,0.1786915260391869,0.5140895159495711,0.428192801320759,0.556628119373085,1.8796430486994744,1.8796430486994744,0.2242275084154383,0.2776189268227053,0.1094250420138075,2.016446122892615,1.4921227576670368,1.022109711884741,1.0168134400362565,0.6339282603518372,0.8677585549818095,1.432868252678544,0.8208708536812759,0.7024743734486825,0.7024743734486825,0.7393447574779318,0.7678813151183481,0.6554507093781149,1.6348162785081024,1.000243659559526
0.3,coupled,80293009,0.0424480757470997,0.48857464904191,2.57052362019004,1.0283919102997108,0.624244287324521,2.79161415969756,0.6814860168526458,1.067950792144238,1.0006078102074607,1.0028563019482912,0.1859906267453838,0.5248337592213758,0.3593347353580202,0.5235393075775671,1.899218545726604,1.899218545726604,0.2121071025551444,0.3840041408045584,0.095788457290727,2.592880959952219,1.477009948504104,1.0208780216815252,1.017196572349256,0.6278149153898861,0.8742584418973984,1.4129228382993408,0.8168664208918156,0.5625899154102227,0.5625899154102227,0.7757059750588138,0.7957373659601074,0.632468607805546,1.651017472460836,1.005322131032303
0.3,coupled,80293010,0.0706948970311067,0.522828473264453,2.5716551766213165,1.0297621589415191,0.6714833236173301,2.799224405377456,0.7080927371463344,1.066266112844805,1.000868030156146,1.0026790825766003,0.1891621025413574,0.517936230003764,0.4270912161541868,0.5493168907455831,1.9078709005637724,1.9078709005637724,0.2060468996249974,0.2818550001519699,0.1146534805881293,2.116016831455576,1.4862723405851148,1.019789767783945,1.0170871848940557,0.6225631434314868,0.8724837145277219,1.3652638346412584,0.8165610446516273,0.6418433811410167,0.6418433811410167,0.7393447574779318,0.7996039807942608,0.6149586004785234,1.7323528860110555,1.0298429477874145
0.6,coupled,80293011,0.3023955050337793,0.5101701691696444,2.582895818837371,1.041093389140721,0.6550201154451636,2.7563880126182965,0.6917656245871495,1.0616145400875026,1.0006856534313338,1.0027972478395366,0.1792256345375883,0.5218923201283606,0.3926520871055349,0.5536486035935849,1.9651587691295875,1.9651587691295875,0.1999866966948504,0.3108789379244777,0.1017545265427947,2.3114945201264794,1.4979478101935575,1.0202926104863776,1.0169777343473956,0.607146046245473,0.8706347192968951,1.3908983932891483,0.8152129512751811,0.6870053943832221,0.6870053943832221,0.7454049604080788,0.8781236375328784,0.6222680535392467,1.7399789316396133,1.0682179911652718
0.6,coupled,80293012,0.2399411492383099,0.5052904746383171,2.560998856271445,1.0181610923736737,0.6474437730361307,2.851920368887539,0.705669349191906,1.0693681041144352,1.0007620532917922,1.0027086310276685,0.1776198613536308,0.5187735907577545,0.4184181597918387,0.5464175853897333,1.883125874856358,1.883125874856358,0.2121071025551444,0.2698891357922603,0.1073221802149336,2.242375038317729,1.5067361237500612,1.0217882061868837,1.0175789328770213,0.6217556738566784,0.8794560356749831,1.4106133791239646,0.831598159063716,0.7482735991555302,0.7482735991555302,0.7696457721286668,0.8747304330605773,0.6535901848934058,1.7271021492223877,1.064249448688789
0.6,coupled,80293013,0.2384847096195323,0.5033334598403482,2.541326009197752,0.9986721957385812,0.6435981125153389,2.8460462644401554,0.6987805305551582,1.064284339736002,1.0007853232436097,1.0026790825766003,0.1758217059850202,0.5176689067723539,0.4145862780225954,0.5421490876589019,1.9266379069871984,1.9266379069871984,0.2242275084154383,0.2708027286611466,0.1089738297445304,2.1028575693186458,1.5395916023538332,1.0215024864584985,1.018259811783302,0.6150009489372693,0.8902874499225852,1.420002879459954,0.8230556552014502,0.5644480195550639,0.5644480195550639,0.7757059750588138,0.8830228782391906,0.6473653124389545,1.7187717633493371,1.074401111307636
0.6,coupled,80293014,0.3077697546963763,0.5087091119316698,2.5826548002272296,1.0409838852923148,0.6480424701304192,2.790214656602965,0.7030651760492208,1.0645062744099307,1.0007246353611945,1.0026790825766003,0.1892855652925942,0.5179996844554955,0.389206602588789,0.5656654163798363,1.1335730111989015,1.1335730111989015,0.1939264937647034,0.3262076774519506,0.1047556303682614,2.2376274837242054,1.4721612846367709,1.019837951667518,1.0165118635885595,0.6063886189082168,0.8627601841863448,1.405094847394743,0.8143098346014986,0.5254387572657536,0.5254387572657536,0.7272243516176379,0.8552220642083675,0.6124618049253167,1.7293055563604822,1.0466825312822234
0.6,coupled,80293015,0.2401803906760434,0.4923308613227365,2.547508349158536,1.0050050868428804,0.6346655192487788,2.759284731774416,0.6951422512669797,1.0678638120581014,1.0006212824283858,1.0026790825766003,0.1801751241072967,0.5179010856519798,0.3713750367303235,0.5084726276246996,0.9326626124710734,0.9326626124710734,0.2060468996249974,0.3570449235217354,0.0968106997007888,2.265876513217491,1.4897988398478252,1.0203525383477765,1.0170598281756869,0.6167029344365919,0.8721526169003447,1.386849567656368,0.8071572208019834,0.671097780668866,0.671097780668866,0.7332845545477849,0.8784937290727113,0.6262460558445772,1.7479174694712425,1.0576408763757592
0.6,coupled,80293016,0.313858802104179,0.5046676813800102,2.550839851262982,1.0088463931228804,0.6473427194317606,2.782948906701565,0.6902545915556247,1.060785063844193,1.000669213914782,1.0025608411536993,0.1655215434283375,0.513187283779496,0.3783180575909563,0.5582883782169543,1.8543945991373905,1.8543945991373905,0.1939264937647034,0.2654389596397251,0.1005479966498971,2.0806349514129163,1.516927502170502,1.020460510791172,1.017196572349256,0.6085090701009184,0.8742268227016088,1.410720862917899,0.8144201051405829,0.8656116826977514,0.8656116826977514,0.7575253662683729,0.8805267104815628,0.628765264740398,1.7585230824881666,1.0784160769190447
0.6,coupled,80293017,0.3243337482033575,0.4975132604907336,2.544928102023554,1.002632439989804,0.6427999033287966,2.7951547332614286,0.6876160227930592,1.0551975780449618,1.0006804899066382,1.0028267772692558,0.1646780756947602,0.5230925063611948,0.3732048833947999,0.5298014921745782,1.9082447771326732,1.9082447771326732,0.2242275084154383,0.2686856659134874,0.1013879970616257,1.9167105274940317,1.4976684670309046,1.0196455673200984,1.0170871848940557,0.6026996225811465,0.8723357290324784,1.37855776515597,0.8148228947766826,0.7672457184864313,0.7672457184864313,0.709043742827197,0.9035507125175772,0.6136328759506013,1.7764138235604034,1.0712814765487737
0.6,coupled,80293018,0.303520350833879,0.4878244991253048,2.527322042868484,0.9838935075728894,0.6288355700841495,2.716121559759528,0.684343198435822,1.0679953722244686,1.000706808093325,1.0026790825766003,0.184575682560606,0.5180757470931877,0.3497669801491264,0.5320622051057018,1.5229605230552263,1.5229605230552263,0.2242275084154383,0.3377465818066942,0.1034178917279073,2.0932839351497003,1.503981872742183,1.0197556513501782,1.016786043809218,0.6098396762398344,0.8677669704551797,1.3842886872576543,0.8100202119684329,0.8264647203995074,0.8264647203995074,0.7757059750588138,0.9012191688205224,0.6148785871234923,1.7929721578721678,1.0890730332950287
0.6,coupled,80293019,0.2851992059511843,0.5171020806159535,2.566561910747957,1.0246674939544531,0.6502526371775552,2.8222765746949543,0.6775204201961725,1.0611880423647837,1.000497879016319,1.0030038541482382,0.1628457486407445,0.5297702853065639,0.301932204128838,0.5193429621927108,1.4590588030545566,1.4590588030545566,0.1818060879044094,0.3646140095633161,0.0866529809894556,2.417615928816858,1.504863406259557,1.019778189062484,1.0176880375163244,0.6063147234464992,0.8818358543514158,1.4126374039494412,0.8122946192435363,0.7702507077969732,0.7702507077969732,0.7575253662683729,0.8543572046726768,0.6153299839193923,1.8000646646848866,1.0749268474597131
0.6,coupled,80293020,0.282864923633295,0.496129378401165,2.546754098360656,1.0044340833505818,0.635803888505659,2.793433422197278,0.6947018740744566,1.0660773928031724,1.000832309029723,1.0030628418384104,0.1893344339468529,0.5314710697852605,0.4075650314739237,0.5490915858805693,1.8620006662438704,1.8620006662438704,0.2121071025551444,0.281622092527369,0.1122006468020272,2.1539234239464817,1.4978498769814896,1.0199928597270842,1.0170324675127136,0.6128234206105536,0.8715141463182106,1.380767627262733,0.7985076132281896,0.5800588819097308,0.5800588819097308,0.7454049604080788,0.9125363647763408,0.6161371802492479,1.7469265965337255,1.0921405481008086
0.9,coupled,80293021,0.6948700185655908,0.5495162137160287,2.610332541567696,1.0677517450025995,0.6917706327974598,2.898161726196711,0.6937866685936194,1.0683109895814502,1.0005833158475896,1.0025904086559532,0.1792070681828388,0.514332456939716,0.3419795472270934,0.5296339795432768,0.853382625532864,0.853382625532864,0.1818060879044094,0.3587894635212467,0.0938486114973923,2.44233431708256,1.709343760249233,1.013072342246551,1.0174970632597182,0.556854007169277,0.8783079645010173,1.2008686966175466,0.7221431044709152,1.0765506824189135,1.0765506824189135,0.6484417135257271,1.029713191930622,0.4874003096494802,2.388442328979498,1.5026326702244124
0.9,coupled,80293022,0.5916103519967851,0.5337765957446808,2.5765374740188287,1.0339826461508792,0.6847834346504559,2.84162812697078,0.6999897105247211,1.0663889068740835,1.0007294882539095,1.0028858218785015,0.1807916862951638,0.525740003590069,0.4035232839064073,0.5675535712489482,0.6682141671035181,0.6682141671035181,0.1939264937647034,0.2845691367839255,0.104970622174101,2.289076159005743,1.701930209193029,1.016653541760371,1.0173878488489156,0.5856276754223165,0.8771305013547721,1.3063849778915888,0.7872820951847398,1.0173720293100892,1.0173720293100892,0.6848029311066091,0.9624966803927978,0.561128856255596,2.11184155507447,1.2982569961299226
0.9,coupled,80293023,0.624541202641469,0.5662888308032573,2.6448526822397,1.1008562480122788,0.7148512114205288,2.9784281899575893,0.7026105578540723,1.070189832542474,1.0006625332635115,1.0027972478395366,0.1810205060125151,0.5224907957942866,0.387272637419026,0.5414924408000111,1.569865353108396,1.569865353108396,0.1878662908345564,0.346458128348988,0.1000177711190544,2.216826824884755,1.598894477570619,1.015992805471292,1.0176334930278683,0.5838851597005515,0.880257381878159,1.2316643980393047,0.7774561193638607,0.9349600125718136,0.9349600125718136,0.6545019164558741,0.9547985491733524,0.5536257756771074,2.1515009687765354,1.4475873298310469
0.9,coupled,80293024,0.6068028499457981,0.5545716406082942,2.638953731968636,1.0945918239190615,0.7026452497452862,3.003521789391617,0.710502138783257,1.060339613520947,1.0005874129112604,1.002649529365536,0.1707584397971605,0.5158026886226508,0.3799844653449666,0.5320120658391041,1.844409399926104,1.844409399926104,0.2302877113455853,0.3374451686097582,0.0940988776794951,2.382589978915956,1.6905366444892564,1.016147291916507,1.0174151583401496,0.5799159943477091,0.8776748193480438,1.2395495485415993,0.7764738021248521,1.0831768891152496,1.0831768891152496,0.6545019164558741,0.9319866080718456,0.5624189954726819,2.1608677903223112,1.3166395105985922
0.9,coupled,80293025,0.6030271742287061,0.5513729631864815,2.642921713975773,1.098585352517356,0.7088676825588413,2.8940533326489235,0.7043682648153075,1.070371979494637,1.0007166857836025,1.0027677136572737,0.186063669508494,0.5212154050989463,0.381523287382966,0.5474569153362902,1.9233125055206024,1.9233125055206024,0.2242275084154383,0.306622702588555,0.1040961153209474,2.272578999966798,1.724926191106478,1.0175448150119015,1.0166764193017324,0.591117148004372,0.8650956961200009,1.2899709480114732,0.7916162191665014,1.004688638767498,1.004688638767498,0.660562119386021,0.8228272894725864,0.579822037838826,2.013912617937036,1.3322443656571352
0.9,coupled,80293026,0.5755770108943546,0.5352366679790193,2.594914106274244,1.052491227845752,0.6891565806017348,2.899465669249265,0.6883386235651153,1.0627575672018348,1.0007545846352373,1.0027086310276685,0.1811967507360654,0.5185881955311719,0.3775635334986487,0.5315208555419216,1.8692128902331209,1.8692128902331209,0.2060468996249974,0.28693720701892,0.1068887355468196,2.3244419656005144,1.7026372283000857,1.0171894153448202,1.0170324675127136,0.5862559037623407,0.8715039587117056,1.256556030865108,0.7622768594244563,0.9379172631817096,0.9379172631817096,0.709043742827197,0.9391079816237884,0.5780151151196419,2.0550311708598104,1.2996578831351926
0.9,coupled,80293027,0.6214823565832829,0.5739166467847859,2.650333429979704,1.106109464006376,0.7264713638133029,2.9802446877012234,0.7187538843294343,1.0613160169390714,1.0006477978947483,1.0029153370617454,0.1729997352582153,0.5226441745341152,0.3605540005281054,0.5337748164951748,1.457449413414509,1.457449413414509,0.1636254791139685,0.3039099746040115,0.0989677215139529,2.391578426528783,1.6712217195343608,1.0156721444241723,1.01689560498012,0.5679094667658461,0.8691303062817622,1.2330556480690529,0.7783546386546148,0.9104564593933272,0.9104564593933272,0.6423815105955801,0.998955215854317,0.5428277127507233,2.175172284592366,1.3640070248192366
0.9,coupled,80293028,0.5886049497447944,0.5560262228946041,2.629464019555237,1.0866418197484762,0.7068204740292486,2.991728922091782,0.709583999484281,1.060529676195194,1.0006799841843663,1.0025904086559532,0.1748592474584672,0.5140206083154946,0.3909084136500493,0.5429481169664794,1.822041677654104,1.822041677654104,0.1878662908345564,0.296874541333002,0.1013040641055525,2.203657586833489,1.5882447034003953,1.0173354789051878,1.0173332180811034,0.5868816999725374,0.87589015936475,1.2248081786003708,0.7891982200098573,1.016839376584035,1.016839376584035,0.6787427281764621,0.9415251980486145,0.5815468228088327,2.0355397150619985,1.3281208169792424
0.9,coupled,80293029,0.6205763449471935,0.5303790274757857,2.6036145308993874,1.0616974601590732,0.6782034492982802,2.8340259673214425,0.7030478856093273,1.0631487566967293,1.0007936921990326,1.0028267772692558,0.1879467069040587,0.5235545359442465,0.4117051996716295,0.5510271380664477,1.84151869562584,1.84151869562584,0.2363479142757323,0.2987057164455369,0.1095790289707081,2.142750366368026,1.522261707730574,1.0163083839421685,1.017278571590292,0.5862914987171667,0.8752776389149673,1.205879017641272,0.7742332091525597,1.0580017455465445,1.0580017455465445,0.70298353989705,0.9692815220369132,0.5554975412398592,2.102722107570033,1.391137311220897
0.9,coupled,80293030,0.6084335322573714,0.5635001190431438,2.62991987835546,1.0864861939315231,0.7174354347580918,2.961362402048258,0.7045053934138323,1.0633826054137827,1.0007332745474005,1.0028563019482912,0.1820308638126221,0.5239633365534027,0.3837980972111984,0.5444696533946598,1.8097207288156103,1.8097207288156103,0.1878662908345564,0.2918347503883029,0.1053310537962143,2.3031103522353247,1.6278022025409695,1.0165163084781967,1.0169777343473956,0.5830811663374742,0.8700407840680054,1.2223105936716483,0.7839528660778248,0.9938390561243704,0.9938390561243704,0.672682525246315,0.9750813102113092,0.5646712429200813,2.074678417969212,1.3836852970444802
0.0,control,80293031,-0.0446520092972122,0.5210056812518689,2.5754757652275666,1.033789253438158,0.6580721120303,2.8127645978113267,0.7062232414155759,1.0729523683205993,1.0008353813468616,1.0026790825766003,0.1981591155211756,0.5180200218964433,0.4171916375971405,0.5672654906856168,1.8919319797477017,1.8919319797477017,0.2121071025551444,0.3168057054276191,0.112513454117886,2.156484006556441,1.4784976700910597,1.0202250009847038,1.0169777343473956,0.6297487718013125,0.8706430309071744,1.4141653407415065,0.8178544057627174,0.6370479588087313,0.6370479588087313,0.7454049604080788,0.7920554446338723,0.6195740349569565,1.6789156190003856,0.9990452533617936
0.0,control,80293032,0.0126465814925492,0.4920946638981312,2.5514624813541733,1.0091671109477116,0.6322267530583143,2.753241093801068,0.7130587628086524,1.0634838916067717,1.00094049044523,1.0028563019482912,0.1923914771340127,0.5248676468141164,0.4535234931631566,0.5682188765048338,1.7809348350004728,1.7809348350004728,0.2181673054852913,0.2542722355595407,0.1193824623637201,2.0112373785665887,1.48895888606402,1.02141344124691,1.0168408323061555,0.6411327911477188,0.8686063100892181,1.4193230740363547,0.8206223043212174,0.9371555611543504,0.9371555611543504,0.7514651633382258,0.7827347634247296,0.6415530644649174,1.6537122466985723,0.9933544669823002
0.0,control,80293033,-0.0747502617714289,0.4935336941847408,2.544130081300813,1.0017466304856566,0.632411017323391,2.770527595832297,0.7024775511127179,1.0601222119058906,1.0008558696466678,1.0029153370617454,0.1828482915887725,0.5265496760004459,0.4463329874866329,0.5309872393003352,1.833102811707642,1.833102811707642,0.2363479142757323,0.2845070576273515,0.1137677916700222,1.826315606086265,1.4864505250939226,1.021524221674848,1.0170871848940557,0.6394143765173482,0.8722645739369981,1.4119345139785022,0.8202547164309398,0.5343372004507808,0.5343372004507808,0.7575253662683729,0.7789951006616241,0.642167240754529,1.619874989622376,1.0052855420280065
0.0,control,80293034,-0.0164497113446519,0.5085771318071237,2.571599798132728,1.0295390622165574,0.6462541326180525,2.791275999568919,0.6879525958868933,1.066079122724465,1.0007614282846355,1.0028858218785015,0.181369490942413,0.5257464425300153,0.3996206624411071,0.5550120807562747,1.8459449710077385,1.8459449710077385,0.2302877113455853,0.2827529306967755,0.1073285255532918,2.29865484382836,1.4876999920251988,1.0202057884525575,1.0175516469247663,0.6337867232676189,0.8785870229397366,1.3569862086619746,0.8060013135874378,0.719064805111523,0.719064805111523,0.7878263809191077,0.7842585473160443,0.6210158194194311,1.7021928272309683,0.9911059577667092
0.0,control,80293035,0.0402289363210963,0.5028063142069656,2.5436683990366333,1.0005618155588138,0.6429904785767978,2.804256365424544,0.7061666773122879,1.0717093137092044,1.0008029767513629,1.0027677136572737,0.1970765000561022,0.5209690344935796,0.422104700282685,0.5662679327501359,1.875319462382557,1.875319462382557,0.2242275084154383,0.3327457006738592,0.110196530915638,2.216157206782574,1.502351200449221,1.0213539347861478,1.0173058968017636,0.6348045808390792,0.8756739127789155,1.4261525945267477,0.82056603466282,0.7477014583071341,0.7477014583071341,0.7272243516176379,0.763685102018076,0.6428348938591736,1.6683357860586057,0.9988027436401756
0.0,control,80293036,-0.0353563134834089,0.5037694292366749,2.567808570695407,1.0253553467686491,0.6486816436976905,2.8123755217853925,0.7117137738948518,1.06484807936739,1.00092228920712,1.0028858218785015,0.1795419762060673,0.5253133056192746,0.4379618784549988,0.568986814650322,1.956936153179184,1.956936153179184,0.2545285230661732,0.2244276567315766,0.1181657266473036,1.910065956641262,1.4796460238692974,1.0211479949993374,1.0169777343473956,0.6365927642185745,0.8707856338478496,1.3619460096958964,0.8131838269267286,0.5973949929066642,0.5973949929066642,0.7757059750588138,0.7752912510155807,0.6370135754224495,1.593620590559172,0.9807542553236565
0.0,control,80293037,0.0604362653137746,0.5118652620955024,2.540417005823054,0.9975829351149352,0.6437393553270674,2.791127642698904,0.7078994716922548,1.0665338346371998,1.0007519426134637,1.0028267772692558,0.1773331762342377,0.5225872572232707,0.4123012782286353,0.5329916593847285,1.876075926392484,1.876075926392484,0.2242275084154383,0.2661748062972768,0.1066313756396036,2.18908897782384,1.5217887334073763,1.020932497193294,1.0173605354296935,0.6332636024444537,0.8766913223291283,1.4394654950218777,0.8151144291419274,0.5871546556617568,0.5871546556617568,0.7757059750588138,0.7814014310169356,0.633843788351804,1.686871622051786,1.0087374794813748
0.0,control,80293038,0.0143452857634732,0.5341979642866164,2.601217562415447,1.0590170590728645,0.6750498825549971,2.890760619744207,0.7055913642428243,1.0638845601222937,1.0006561214326786,1.002738174720605,0.1745368975288507,0.5202439927042978,0.3828485736648666,0.5587307793030947,1.8743728381988776,1.8743728381988776,0.2242275084154383,0.3256143348462986,0.0995168480363416,2.076045658352862,1.4807116625590355,1.018839179506725,1.0171418865025357,0.6261788461308888,0.8733622346569958,1.3489121019307226,0.7998376642745078,0.7385694219515962,0.7385694219515962,0.7454049604080788,0.7966774053347464,0.5950242410571459,1.7459688871867445,1.0248374605518429
0.0,control,80293039,0.0670960292611037,0.5049884783874807,2.573557878435927,1.0318339186383991,0.6450710288420146,2.779238490072005,0.6888820586967315,1.0696956229231394,1.0006385915755622,1.0029448474998792,0.1699243996053645,0.5276759639801758,0.3538085232080518,0.5334822809929171,1.8499287672094973,1.8499287672094973,0.1818060879044094,0.2726992759072094,0.0982752308325282,2.6809539053403584,1.4918885918067115,1.0213621115284786,1.0170324675127136,0.6342979509729161,0.8715376392858842,1.4252540389418449,0.8144974426270488,0.5506659244434654,0.5506659244434654,0.7272243516176379,0.7622467935882555,0.641789635508864,1.6539837545328289,0.9986900325794656
0.0,control,80293040,-0.021499736879168,0.4775971928402224,2.5298262094880224,0.9866835631212948,0.6087901090687983,2.7390783961699583,0.6848705959678251,1.0691413007745638,1.0006635198449805,1.002649529365536,0.1803982048652075,0.5161171687996474,0.3808277380074319,0.540691487313818,1.878100325417598,1.878100325417598,0.1999866966948504,0.3228819294471532,0.1001114039254768,2.378442518203369,1.4961254329486324,1.022168335879616,1.0174151583401496,0.6440495847608578,0.8770709335582649,1.4267402385551016,0.8240126983976053,0.4897057968047746,0.4897057968047746,0.7999467867794017,0.7750980572165528,0.6560500110465372,1.6278436391668163,1.0121749645477818
