modality,alpha,kind,seed,classical,joint_DET,joint_L,joint_ENTR,joint_LAM,joint_TT,joint_RTE,independence_ratio,crp_DET,crp_L,crp_ENTR,crp_LAM,crp_TT,crp_RTE,crp_peak_density,crp_asymmetry
aac,0.3,coupled,20032518,-0.0488842492783984,0.4925382628719736,2.524551679165308,0.9812055458286052,0.6201447818730041,2.7386577520577577,0.7079314795631949,1.0180627377479226,,,,,,,,
aac,0.3,coupled,20032519,0.0808580070285081,0.5162329522663458,2.5527180313642845,1.0105712400586353,0.6509413858804654,2.7901834887032213,0.7076737828420717,0.9929737619012644,,,,,,,,
aac,0.3,coupled,20032520,0.038972915217958,0.4978278662721148,2.553280805993283,1.011079063927261,0.6342693445822578,2.74304307575015,0.6811413386935627,0.9963413333882196,,,,,,,,
aac,0.3,coupled,20032521,0.0422346689854909,0.4899027021639736,2.518025228917206,0.9740408610678176,0.6311153745530653,2.717101558100244,0.6925683619483718,1.0046226052262863,,,,,,,,
aac,0.3,coupled,20032522,0.003862708250802,0.4890781004510668,2.5388055774796108,0.9959273372657628,0.6265394556788809,2.7687010078387457,0.6952187945676627,0.9788007600155704,,,,,,,,
aac,0.3,coupled,20032523,0.0657568488606062,0.5030272452068617,2.595002602811036,1.0533975293159634,0.64130297679112,2.780101706036745,0.6991837007635738,0.9899376277747552,,,,,,,,
aac,0.3,coupled,20032524,0.0227030006124266,0.5056788816195843,2.5503846398372434,1.0079787809808696,0.645255833301819,2.808641975308642,0.7026376294415577,0.9815867570598644,,,,,,,,
aac,0.3,coupled,20032525,0.0133477899053915,0.489970556912861,2.555345007841088,1.0134294161734296,0.6236359080373364,2.726005640899258,0.6941692886904834,0.9974015629032364,,,,,,,,
aac,0.3,coupled,20032526,0.0245257398760399,0.5099109451307096,2.585333417769616,1.043592810935752,0.6419132433208848,2.8756434646374216,0.7097043318586974,1.0040327269364535,,,,,,,,
aac,0.3,coupled,20032527,0.0324039106507069,0.4975922344822356,2.5448610213316094,1.0023376906684445,0.635220364261429,2.706408185245019,0.6976076569168219,0.9970898102328564,,,,,,,,
aac,0.6,coupled,20032528,0.319466136240879,0.5028812717337308,2.5753354957705272,1.033746023233533,0.6391641828117238,2.804048163887981,0.684161854034306,1.069988595736269,,,,,,,,
aac,0.6,coupled,20032529,0.32556934286937,0.5117876580000758,2.576605212968849,1.034774286908691,0.6518252875885495,2.832062325122072,0.6949993983036263,1.0712359744814854,,,,,,,,
aac,0.6,coupled,20032530,0.2878432839847784,0.504079020031126,2.5245458545477404,0.9811974485663318,0.6396342687885938,2.750694912967211,0.6868041066373322,1.0622420935653414,,,,,,,,
aac,0.6,coupled,20032531,0.2669285557759032,0.496519015432999,2.5432932770379995,1.0005334432622697,0.6357901010690237,2.758693738307472,0.6794426846587683,1.081441784922407,,,,,,,,
aac,0.6,coupled,20032532,0.2545054446492306,0.5039558648360605,2.5602267660360534,1.017918442790177,0.6419722901385493,2.8187123234881226,0.6823768535777979,1.0526499389794255,,,,,,,,
aac,0.6,coupled,20032533,0.3362498883791282,0.5021966752339111,2.5623385012919897,1.020587890802949,0.6499183368572984,2.720179110804939,0.682982905053664,1.0780229767173075,,,,,,,,
aac,0.6,coupled,20032534,0.3041265018650347,0.4937863413521833,2.534560114441771,0.9915601687391572,0.624786227340098,2.7371867802536283,0.692578802024722,1.0655061857087451,,,,,,,,
aac,0.6,coupled,20032535,0.2264619873717328,0.4870038813071241,2.503185533174593,0.958085119739188,0.629128583948917,2.7239388518458285,0.709119076012024,1.0259134844713764,,,,,,,,
aac,0.6,coupled,20032536,0.20974108809618,0.5105275668372262,2.5858944300107725,1.0441494359868826,0.6459409755670374,2.88253684680661,0.6917829121689397,1.040675659390369,,,,,,,,
aac,0.6,coupled,20032537,0.304557991519749,0.5004575368223128,2.542606037447459,0.999881391177497,0.6508116577875275,2.797860587934147,0.6888164144691024,1.0495756791656572,,,,,,,,
aac,0.9,coupled,20032538,0.6472342672867637,0.558411806399352,2.633184124142048,1.0898063011055632,0.7053526225192386,2.9690988039106,0.7174180293648315,1.4267209244367316,,,,,,,,
aac,0.9,coupled,20032539,0.6050610163824747,0.5613367714263832,2.5699257787388228,1.0277515741772636,0.7105874543644208,2.887465311097855,0.7074092967128748,1.355151866392,,,,,,,,
aac,0.9,coupled,20032540,0.6245235397693729,0.5498574054122568,2.584202061118723,1.042180686141188,0.6941694657456112,2.874052110939099,0.6887530429642768,1.3857487940052988,,,,,,,,
aac,0.9,coupled,20032541,0.62642152135271,0.5429255734723414,2.6126348228043144,1.0703865153612435,0.6937702524431011,2.9348738926665403,0.7062393366235749,1.357582924670775,,,,,,,,
aac,0.9,coupled,20032542,0.6597517349644835,0.5509349459780876,2.60355135716848,1.061536573708773,0.6945800966574732,2.851629658485911,0.7052673664271926,1.40555837642945,,,,,,,,
aac,0.9,coupled,20032543,0.5949052938042023,0.524971140794865,2.5672456575682383,1.0245693984695046,0.6746901599624513,2.837672731152964,0.6901438955859258,1.3270100557955236,,,,,,,,
aac,0.9,coupled,20032544,0.631594470473064,0.5510698059722744,2.6734065934065936,1.1269409505169687,0.6974448917250217,3.0185428979580404,0.7161829033974295,1.380059159904288,,,,,,,,
aac,0.9,coupled,20032545,0.6500281417527102,0.5607785900323364,2.6240211951722108,1.0812821617300892,0.7123067050844899,2.976915391491823,0.7092910103431408,1.4175752797758845,,,,,,,,
aac,0.9,coupled,20032546,0.5869767960402544,0.5346787229743383,2.581427961709652,1.0397367840086915,0.6862813194584765,2.783226632522408,0.7023908590267754,1.3174609635949952,,,,,,,,
aac,0.9,coupled,20032547,0.6384158215871832,0.552035620154047,2.6007233273056056,1.057456673052706,0.7028711072443,2.9103093875821147,0.6917205656940542,1.4415794051973625,,,,,,,,
aac,0.0,control,20032548,-0.0007264765783941,0.508796284610919,2.551322617390204,1.00883411104106,0.6552096216461799,2.76671995736744,0.6967720524791586,0.9947338298063578,,,,,,,,
aac,0.0,control,20032549,-0.0408277673264266,0.5072901849217639,2.571097521725137,1.0285659930195457,0.6436128327575696,2.792961860670194,0.6870576791419327,0.9943803196858164,,,,,,,,
aac,0.0,control,20032550,0.0491374354983036,0.5027474923680768,2.551248814416693,1.0091943942849124,0.6446327331630428,2.7778672680412373,0.6977389582170667,1.0139058550884457,,,,,,,,
aac,0.0,control,20032551,0.0614054030434504,0.5001583862343356,2.555382922250275,1.013111519198679,0.6428960606175796,2.8141656729249287,0.6957462517996585,1.0088728739751702,,,,,,,,
aac,0.0,control,20032552,0.107410569950994,0.5282854656222803,2.5742154368108565,1.0322140640896544,0.6684694765634713,2.8420774415224,0.7151475470842817,1.0188116090315122,,,,,,,,
aac,0.0,control,20032553,0.0174027220902695,0.5101154432037063,2.562772753146544,1.0206346340763597,0.658045144964939,2.858029416589207,0.7085367514295506,1.0216749367332172,,,,,,,,
aac,0.0,control,20032554,0.053263032898219,0.493486243146723,2.542533203757693,0.9999973305322164,0.6340287208892913,2.779597012045536,0.6775894897957941,1.009258102814092,,,,,,,,
aac,0.0,control,20032555,0.071002045223836,0.5184031854612282,2.5811781152697466,1.0392990830459932,0.6605110010720302,2.8550544752447937,0.7187311820808794,1.0022242661608516,,,,,,,,
aac,0.0,control,20032556,-0.0578837425199763,0.5072132784225634,2.58922087022998,1.047621194681871,0.6420753775115438,2.800658664707003,0.6832627045524146,0.9961166274343238,,,,,,,,
aac,0.0,control,20032557,0.0262768346461284,0.5126154609137685,2.5689698024108365,1.027049128652516,0.6564255160870374,2.8091473444049453,0.7047661529498779,1.004494745582095,,,,,,,,
ppa,0.3,coupled,20065416,0.0007587229241861,0.8526498399066211,3.78958640712008,1.8171241647731955,0.8283467012197081,2.430589159465829,0.7001625297889477,1.0065971304326558,,,,,,,,
ppa,0.3,coupled,20065417,0.0001817656003722,0.8528833980879207,3.7547686542065057,1.8021924107873848,0.8274708604356746,2.438278850637552,0.7042361088719747,0.9967041324111482,,,,,,,,
ppa,0.3,coupled,20065418,0.0007517793910859,0.8646284888584683,3.908599774077894,1.8686444778042848,0.841367621655096,2.4488363268403743,0.6945560284168617,1.003590370509569,,,,,,,,
ppa,0.3,coupled,20065419,0.000611799719465,0.849664502754896,3.772148219907968,1.8105034975776555,0.8302547596966887,2.433702187539977,0.6848592310878368,1.0502711783264065,,,,,,,,
ppa,0.3,coupled,20065420,0.0006302728026505,0.8487145610881289,3.731644605275688,1.790327436771757,0.8263628684672197,2.42366878940431,0.7006208419251703,0.992342957617094,,,,,,,,
ppa,0.3,coupled,20065421,0.0004683719965149,0.8572148478545236,3.812905379626097,1.8285110949899293,0.8367089829090987,2.460554942456251,0.7132750951066203,1.0105872046891435,,,,,,,,
ppa,0.3,coupled,20065422,0.0002997223964452,0.8520235491277899,3.724431547902198,1.7875737760860673,0.8223259660692327,2.4070971235625778,0.7076479462102478,0.998918622895253,,,,,,,,
ppa,0.3,coupled,20065423,0.0004716780844291,0.8669370249267485,3.896831456384806,1.864320788826659,0.8380132914348805,2.439542609904968,0.6952480701611194,1.0114481679206122,,,,,,,,
ppa,0.3,coupled,20065424,0.0003318241868335,0.84870976467406,3.8110090851673712,1.826958985984079,0.8324208817960509,2.4364727491528644,0.6999290920629673,1.0093698715829054,,,,,,,,
ppa,0.3,coupled,20065425,0.0002568402272762,0.8388998035363457,3.71251425313569,1.7812659342169137,0.8224258430223196,2.4410968070868653,0.7036102851675259,0.9844788913570554,,,,,,,,
ppa,0.6,coupled,20065426,0.0005758318718732,0.8309028556777026,3.558519399707174,1.7115391111109384,0.8028588827281177,2.3876092136616363,0.7104720664515963,1.011297870952293,,,,,,,,
ppa,0.6,coupled,20065427,0.0004118235114297,0.8280412596190581,3.545403561246904,1.704096936604246,0.7908366533864541,2.3746353774048705,0.7052789297099418,0.9920000015702636,,,,,,,,
ppa,0.6,coupled,20065428,0.0003539052382986,0.8381058328965525,3.634137291280149,1.7467455349610177,0.8120112956881705,2.4048056514714733,0.7050145504476121,1.0559546354413831,,,,,,,,
ppa,0.6,coupled,20065429,0.0002050458511308,0.8372152876077725,3.5517947318138394,1.7078073482595844,0.8000203748981255,2.387273803619142,0.7035230780093095,0.9966784679161664,,,,,,,,
ppa,0.6,coupled,20065430,0.0002697894491572,0.8565931246793227,3.776615297610632,1.8121145191657264,0.8238947323413717,2.437564238389652,0.719311812661122,1.0023264771387568,,,,,,,,
ppa,0.6,coupled,20065431,0.0007487310769958,0.8421280464049176,3.634902840059791,1.7471044795245534,0.8100785680273581,2.424829931972789,0.7108105021323521,1.0078410127879696,,,,,,,,
ppa,0.6,coupled,20065432,0.0004746657573516,0.8454665535497589,3.6607923370222255,1.75927951904834,0.8130027169535755,2.408526206951404,0.7054786673959317,0.992491141145764,,,,,,,,
ppa,0.6,coupled,20065433,0.0001386805820959,0.8464052644811491,3.747640482067664,1.7994255479649015,0.811365201517255,2.386793362917229,0.6943272750026439,1.0275275523242229,,,,,,,,
ppa,0.6,coupled,20065434,0.0002049663246745,0.8433745279780295,3.628542416689744,1.744497988814262,0.8090402935118435,2.399246015334203,0.7109785739043202,0.9869508582070132,,,,,,,,
ppa,0.6,coupled,20065435,0.0005928650375611,0.8466466162148076,3.719921763190536,1.785957741057931,0.8182213005287673,2.433918997480783,0.7032464602601253,0.9980521275035849,,,,,,,,
ppa,0.9,coupled,20065436,0.0006131621044609,0.8373331061945019,3.585810687579792,1.7245016130636754,0.7569366069717425,2.287529964444873,0.6831681811162258,1.0014345250783008,,,,,,,,
ppa,0.9,coupled,20065437,0.0002430937366231,0.8304793790250352,3.530619645528308,1.6972814635172797,0.767294323367595,2.3167908826038666,0.7107329954229169,0.9871028829245776,,,,,,,,
ppa,0.9,coupled,20065438,0.0002094183451577,0.8330968755076623,3.526844252899913,1.6958248073634206,0.7641360264255158,2.2989687362538898,0.707461408780705,0.9808328590487924,,,,,,,,
ppa,0.9,coupled,20065439,0.0004890118298166,0.8260502224503764,3.5017908147073493,1.6820402757691713,0.7661490417522245,2.3324596675728912,0.7019800205666087,1.0055573745782418,,,,,,,,
ppa,0.9,coupled,20065440,0.0003806385146113,0.8220145107523368,3.5135034457068355,1.688613507912172,0.7587805303178857,2.31039572760142,0.6983761313886656,0.994400961683281,,,,,,,,
ppa,0.9,coupled,20065441,0.0003786908092194,0.8191199965456194,3.434882984020642,1.6480020295484956,0.7619661902500108,2.334755643760853,0.7171503252676327,0.9853353674420234,,,,,,,,
ppa,0.9,coupled,20065442,0.0005374505032539,0.8286277577173226,3.5256439480282653,1.694777168957101,0.7672856239753989,2.3220220820700725,0.7063939220004094,0.9965478790650546,,,,,,,,
ppa,0.9,coupled,20065443,0.000256557288645,0.8252582443704888,3.506542399338873,1.6854178311229535,0.7613130483640922,2.307752775867151,0.6968511400080459,1.0037510248208412,,,,,,,,
ppa,0.9,coupled,20065444,0.0008015055382804,0.8210927600123524,3.4947425670775925,1.6794860130680702,0.750029283668232,2.291521618895793,0.7025419097420857,1.003244827851045,,,,,,,,
ppa,0.9,coupled,20065445,0.000553557387448,0.8229591670202696,3.457466745897518,1.659868092363011,0.7521624179913177,2.27722511364385,0.6996019994440041,1.0226306616852292,,,,,,,,
ppa,0.0,control,20065446,0.0003447713634932,0.8392922764315515,3.778550922096248,1.8129376450798047,0.8264250664706773,2.4318199888685696,0.6897015255534719,1.0082453856093485,,,,,,,,
ppa,0.0,control,20065447,0.0006697685145786,0.8638715510386371,3.84980582524272,1.842835735243144,0.8306809145670621,2.4234980058157087,0.6987072518390195,1.0124438563638076,,,,,,,,
ppa,0.0,control,20065448,0.0002161733117435,0.8531528499940297,3.740659654466708,1.7956270494563675,0.829787349521835,2.440186423634941,0.7113461590935224,0.9892647867379238,,,,,,,,
ppa,0.0,control,20065449,0.0002630690190214,0.8492705428019738,3.766365366317793,1.8061108203909664,0.8313237502681828,2.4589414900368065,0.6931678193402108,0.99628609132682,,,,,,,,
ppa,0.0,control,20065450,0.0003249537540852,0.8522680164946654,3.824733183197885,1.831118765703193,0.8361878995483604,2.4567701405471243,0.7010112805129196,0.9986410676714308,,,,,,,,
ppa,0.0,control,20065451,0.0007168129185718,0.856762589139984,3.84414626953701,1.8417135311881443,0.8294537129336502,2.42824615976654,0.6928652350704823,0.99582675553517,,,,,,,,
ppa,0.0,control,20065452,0.0004430476175474,0.8529017593893065,3.876943320824602,1.8542899472830443,0.8299471432706843,2.461015117073869,0.6863345237060917,0.9769528698621226,,,,,,,,
ppa,0.0,control,20065453,0.0001256501892231,0.850690714153943,3.7960389327393353,1.82036004316998,0.8319497346746102,2.427797833935018,0.7056208984923478,0.993763961717147,,,,,,,,
ppa,0.0,control,20065454,0.0001852864601471,0.8405875833894696,3.7297401533047294,1.7903911848977836,0.8232958125991439,2.429409595870537,0.6967011243182828,1.0013953753432074,,,,,,,,
ppa,0.0,control,20065455,0.0005285044028872,0.8516207741617885,3.8387843704775686,1.839715717758169,0.835322067998673,2.4691963367761733,0.7025423382301234,1.0249439172087835,,,,,,,,
ppc,0.3,coupled,20069177,0.0259195998382569,0.6079102761231636,2.9900222434064188,1.3397651775437909,0.5683976587029834,2.098459190001431,0.7748528383688947,0.989944161978726,0.123863871262755,2.468972406043201,0.9178715335896234,0.0104483127979303,2.3626062322946177,0.7277161403307627,0.2,0.00533891705349
ppc,0.3,coupled,20069178,0.0859288544475515,0.686133123020493,3.0710483554659045,1.3994216468816425,0.6192774251699403,2.126945567116691,0.7712427947600882,0.9915799858350066,0.0834084932864165,2.468421052631579,0.9167279516658304,0.0105118075227702,2.3778735632183907,0.7009123149232769,0.1818181818181818,0.0058544772335141
ppc,0.3,coupled,20069179,0.0837126812081395,0.6855731966495812,3.0978985425375662,1.407545371909791,0.6595449431178897,2.1346577919844627,0.7598486124303448,0.9881343116929744,0.1218127283359848,2.4297002383042767,0.8706424125285673,0.0126327571354012,2.495652173913044,0.6940624771202295,0.2105263157894736,0.0022125196782415
ppc,0.3,coupled,20069180,0.0821167452672192,0.6513631815907954,3.0592070484581497,1.38429849266981,0.638344172086043,2.136676643573268,0.7780233100207572,0.9878218295001046,0.1411196351863749,2.534789003280914,0.9914877094666408,0.0073819331594925,2.307086614173228,0.6944251039548188,0.1428571428571428,0.0017105176600159
ppc,0.3,coupled,20069181,0.1458901873687922,0.682553558080904,3.134512450546893,1.4365680682811384,0.645693182825941,2.121570994463639,0.7652553763281318,1.010694506130738,0.1031988557963115,2.4508454286996857,0.8954132133457239,0.0059289409185132,2.3007334963325183,0.6968005466213247,0.2631578947368421,0.0026920731671432
ppc,0.3,coupled,20069182,0.0225308012916538,0.6658021350172907,3.057831741282081,1.3870225246868189,0.646769909286824,2.137783943842793,0.7660827037450239,0.9957501460338974,0.1300443245326652,2.47119140625,0.9214332418026664,0.0050298708807091,2.302941176470588,0.7076084014491137,0.1475409836065573,0.003245988987026
ppc,0.3,coupled,20069183,0.0457126863052093,0.6758496818831505,3.079831690587354,1.401665885505814,0.5895723447045877,2.1096200411867208,0.7620413770380894,0.9980564723562212,0.0867869423313342,2.4165073848827108,0.8563869377331468,0.0092983780882784,2.391653290529695,0.7050844649881615,0.2307692307692307,0.0044411974094432
ppc,0.3,coupled,20069184,0.1822194254588026,0.6555308469407205,3.048156464192862,1.3761558963134306,0.6154520617574178,2.116549403487305,0.7623526121132893,0.9965491108706448,0.1248365930916587,2.4525250030868007,0.9001638129319688,0.0084405953039368,2.389679715302491,0.7089469224429437,0.3333333333333333,0.0003206697051427
ppc,0.3,coupled,20069185,0.1360831901185286,0.6407029057024571,3.039092898832685,1.378870729431788,0.5973416731821736,2.108062874590072,0.7797727933950318,1.0121826566173824,0.1153838783240815,2.486646475770925,0.9380325266326583,0.0056851935840354,2.165450121654501,0.719194465543593,0.2631578947368421,0.0010473746943881
ppc,0.3,coupled,20069186,0.0445214548254165,0.6518878897407356,3.036232306168812,1.37860033338384,0.6118351113723627,2.11210171833175,0.7788985375289078,1.0005623480036203,0.1155383996378816,2.4932844932844933,0.9442917037204548,0.0103920434542071,2.5868544600938965,0.7173059377961247,0.1578947368421052,0.0026939347635209
ppc,0.6,coupled,20069187,0.1069195864564673,0.6715793966631934,3.159274788873797,1.4474456350402471,0.6175477359177474,2.1173786721188,0.7692140949025043,1.0087272692943807,0.0852187124945736,2.400035958288385,0.8354315164988391,0.0039963228722453,2.0,0.7215550318426517,0.3,0.0040828484725748
ppc,0.6,coupled,20069188,0.013230036899529,0.6485310119695321,3.0444711538461537,1.3667582831501734,0.6139857901811432,2.10523659029058,0.786454605987234,0.9959280655972632,0.1302142298670836,2.4665876777251183,0.9156598453209006,0.0072681782642689,2.296442687747036,0.7196320276308125,0.1818181818181818,0.0005279790095333
ppc,0.6,coupled,20069189,0.0384154374548445,0.6653202319750804,3.0902193730518146,1.4113123713116915,0.6102641375642617,2.110344827586207,0.7650401320058295,1.0096841350981465,0.1021687744136032,2.4122871946706144,0.8522532072458822,0.0067840818604184,2.249480249480249,0.7099066157901486,0.1875,0.0024342893061074
ppc,0.6,coupled,20069190,0.0600749425242661,0.6396486015115302,3.0729890764647467,1.394079268872881,0.5907564110845552,2.1035260022540654,0.7679655478264767,1.0002570772029689,0.0970150664473808,2.4500318268618715,0.8973353143845049,0.0072591164294221,2.031746031746032,0.6968436776710539,0.2075471698113207,0.003632136101188
ppc,0.6,coupled,20069191,0.0951140055063812,0.6741027516456909,3.105862529777468,1.4125711535583407,0.6095172639915256,2.1270738898912995,0.7742157574808052,1.01139396754643,0.0780810742971887,2.413773035887488,0.8491107865529229,0.0087663152610441,2.17601246105919,0.7135506429291335,0.1521739130434782,0.0008935633966553
ppc,0.6,coupled,20069192,0.1525090391465856,0.6839404370137812,3.203259714184481,1.4682041511552122,0.6451438009859919,2.1201209911328416,0.7646044814353437,1.0004399886588324,0.1031640320675529,2.603043753963221,1.058827663232718,0.0027016159433037,2.0,0.6904674782449511,0.1739130434782608,0.0014243452190928
ppc,0.6,coupled,20069193,0.1071828986480641,0.6753526596677608,3.073432155074116,1.3999892269649534,0.6279972939791035,2.1277643363470435,0.7667060977301267,0.9965371134713562,0.0911201429434266,2.466450953678474,0.9144054632995536,0.0116959432252868,2.2753977968176256,0.7168722982400147,0.1818181818181818,0.0017744628430429
ppc,0.6,coupled,20069194,0.1616807297408097,0.6944368963217312,3.161792824204252,1.4549746530359948,0.6455744670339172,2.122129966097566,0.7704597263022648,0.998989728327361,0.1063598926375502,2.577579578656005,1.0273251086705388,0.00918164685876,2.061253561253561,0.7359897117708487,0.1538461538461538,0.0004877315065537
ppc,0.6,coupled,20069195,0.0354666931876034,0.6407178812637543,3.016673614005836,1.3558259940357709,0.60330609870235,2.11066371681416,0.7602465231027418,1.0094535988314872,0.1260918867054616,2.4662442115525227,0.9150672506714234,0.0047725261990504,2.2011494252873565,0.7099152913390965,0.1428571428571428,0.0004797862656809
ppc,0.6,coupled,20069196,0.1248510351866095,0.6669886955321631,3.0789412718637785,1.400643979561473,0.6162691492164661,2.1127145253559294,0.7642387999979199,0.9923122664191988,0.1041853792415169,2.5105967232827298,0.9643283781157568,0.0057759481037924,2.0762331838565022,0.7056812004624692,0.1428571428571428,0.0032231927859289
ppc,0.9,coupled,20069197,0.1501044585195139,0.6584776480064438,3.099158867432769,1.408997211454751,0.6316388944824809,2.122317369700814,0.7840018374176269,1.0026462743630506,0.1136015979570422,2.471397139713972,0.9211439898650964,0.0019848042376202,2.0,0.7110939439236795,0.1818181818181818,0.0002917613593751
ppc,0.9,coupled,20069198,0.1101137506650753,0.6725508282894653,3.1045846943537097,1.413888680094466,0.6186014480850149,2.114708423326134,0.7725694534381655,1.0030372754778694,0.099489973706719,2.416217879673796,0.8563366284154454,0.0037380809072765,2.0,0.7176398446282075,0.1515151515151515,0.0003791507991794
ppc,0.9,coupled,20069199,0.1882470716064394,0.6757605446278293,3.1042640355432463,1.4162041671836931,0.6380598889642525,2.135602127257058,0.7732155270154571,0.996671716139003,0.101709174636911,2.413177247486117,0.8520789893691402,0.0096528515763372,2.284431137724551,0.7182037893997573,0.1935483870967742,0.0004528032058382
ppc,0.9,coupled,20069200,0.0875599247980087,0.656048840298355,3.028120025938808,1.3697582360443894,0.5703995095534893,2.105163920903156,0.7742388333459815,0.9962791588918416,0.0845993922916999,2.452707715133532,0.8973768732481798,0.0023156884695346,2.0,0.715864015432531,0.1666666666666666,0.004092228849486
ppc,0.9,coupled,20069201,0.1195347438154778,0.6897128911490743,3.1612884333821376,1.4432109591401532,0.6385712277832437,2.113618101078452,0.7689123162343137,1.0067128028486665,0.100631966997279,2.600615683732988,1.0557754720428263,0.0065391029579566,2.343820224719101,0.6872352353020823,0.3684210526315789,0.0031284335320567
ppc,0.9,coupled,20069202,0.2136350547575584,0.6650599651528062,3.04720004661733,1.3772403124062296,0.6192244591690089,2.1154414320472714,0.7874854925293014,0.9880065470133604,0.1103220206909222,2.4447564228555385,0.8911131567531153,0.0093888385588576,2.1666666666666665,0.7173965613104117,0.1875,0.0023437501111516
ppc,0.9,coupled,20069203,0.0560600249082773,0.6510543671901652,3.058645456164302,1.3861169580398458,0.5924103250912859,2.1089621050264253,0.7730788437487915,1.015428920241096,0.101459849423545,2.5110523038605232,0.9633763194257822,0.0034908075401442,2.4557522123893807,0.7225978326807193,0.1666666666666666,0.0021287817685276
ppc,0.9,coupled,20069204,0.1649596861354863,0.6695058113743235,3.1462266960509857,1.4372976568381632,0.6070763146887714,2.1012766517504606,0.7569701888068487,0.9948044686943284,0.0881705137563873,2.5068885310431206,0.9590570465236984,0.0063244141264127,2.111344537815126,0.7058728962650541,0.1428571428571428,0.0034298389281431
ppc,0.9,coupled,20069205,0.1911003540816684,0.6552932520233953,3.0459683496608894,1.3763061765767317,0.5986943020689139,2.1082736814369154,0.7631226468423614,0.9995174828793332,0.1075444277300425,2.5302939412117578,0.9841543292349012,0.0033081767420514,2.144628099173554,0.718956097374227,0.16,0.0047331975039447
ppc,0.9,coupled,20069206,0.193416188458131,0.6364011246485474,3.0287243532560213,1.3610119873769873,0.5982942830365511,2.115849481848112,0.7812119550129294,0.9942963164019148,0.1206871506615719,2.5373788341521712,0.9931100650508796,0.0098714750371048,2.258670520231214,0.7218832195963969,0.1666666666666666,0.001982317866647
ppc,0.0,control,20069207,0.0337409817546581,0.6600278136485547,2.985118211939125,1.3626670922551882,0.6212252905532929,2.1265806643572143,0.7736466495212401,1.0106142785205392,0.1145121024639096,2.3435254148699856,0.7634911847760487,0.0078852771978214,2.435897435897436,0.732051539116221,0.1923076923076923,0.0022413508403335
ppc,0.0,control,20069208,0.0648663378671046,0.6591290214390754,2.947110393355635,1.341530732421378,0.6052926911070405,2.123139224469481,0.7670799901004695,1.0111923838197827,0.1021887184161223,2.3469981101904347,0.7653379709360063,0.0128424224011342,2.351100811123986,0.7216179167984162,0.1666666666666666,0.0036395486188548
ppc,0.0,control,20069209,0.0627876286586127,0.6671468648115854,2.957978484984312,1.3472004500137635,0.6262036545606187,2.1313090041074387,0.7792896042586507,1.0018573194732752,0.1037668531941262,2.263826300696436,0.6465114800343653,0.0110289054969266,2.549927641099856,0.725947699317264,0.25,0.0007667077011628
ppc,0.0,control,20069210,0.0361586425075391,0.6505856036996079,2.928389614797217,1.324677605786404,0.6163855936463255,2.12906936366004,0.75679062491489,1.001623441356014,0.1293062315106403,2.360353036813378,0.7859417841586671,0.0103890320323186,2.359826589595376,0.7271882491245102,0.1428571428571428,0.0020008365456684
ppc,0.0,control,20069211,0.0528870472560599,0.6533214217344139,2.938633754305396,1.332541252993772,0.6096483951247528,2.126847729296528,0.7632050308438497,0.9896887337948268,0.114862362283813,2.304698324726036,0.7029770500756577,0.0077529112652625,2.3479087452471483,0.7079131926333035,0.15625,0.0032899931976464
ppc,0.0,control,20069212,0.0310182402422055,0.6578332631256463,2.9566265060240964,1.347125064954937,0.6109919707936021,2.115698278338896,0.7652492312019263,0.9944502092216112,0.1267600230193746,2.4023267086766844,0.839130648673177,0.0025193426689686,2.0,0.7062056345920709,0.2,8.720021184646938e-05
ppc,0.0,control,20069213,0.0363944455101976,0.6733551802369548,2.958303339055319,1.3485056535392712,0.6280816738089237,2.122949772078558,0.7880609648862201,0.9929130945668958,0.1208899955308689,2.2816001927943126,0.6737418371289873,0.0101385430632701,2.373692077727952,0.7035717708221743,0.1666666666666666,0.0023662530605665
ppc,0.0,control,20069214,0.0215596325382005,0.6713892896336576,2.9441440467178546,1.3395715331607765,0.6323814103749738,2.144356406664855,0.7687205275924965,0.9917828175178266,0.1068560128506243,2.3049420209828826,0.7022692678898493,0.0095227733797525,2.0580912863070537,0.7154950949000275,0.1428571428571428,0.0010591845186998
ppc,0.0,control,20069215,0.0232860197554235,0.6255007615415136,2.908295643894311,1.313595159095985,0.581049775377251,2.121550575974952,0.7546858923962416,1.004435521358498,0.104364025777344,2.2104415514696014,0.5585621860360293,0.0079017571429476,2.2714025500910746,0.7114502927802968,0.1578947368421052,0.000245826692475
ppc,0.0,control,20069216,0.0309014978235661,0.6596036411187426,2.9396288333144733,1.3338442489814817,0.6185077507077837,2.124501231929878,0.7728847195927147,1.000550848691243,0.1162307803295965,2.325009411469444,0.7365752661759956,0.006869209005878,2.9122340425531914,0.7068211741779029,0.1818181818181818,0.00147586230652
