window_s,kind,seed,DET,L,ENTR,LAM,TT,RTE,higuchi_fd_phase_theta,katz_fd_phase_theta,petrosian_fd_phase_theta,svd_entropy_phase_theta,permutation_entropy_phase_theta,sample_entropy_phase_theta,spectral_entropy_phase_theta,DFA_alpha_phase_theta,hurst_phase_theta,lempel_ziv_phase_theta,hjorth_activity_phase_theta,hjorth_mobility_phase_theta,hjorth_complexity_phase_theta,higuchi_fd_amp_gamma,katz_fd_amp_gamma,petrosian_fd_amp_gamma,svd_entropy_amp_gamma,permutation_entropy_amp_gamma,sample_entropy_amp_gamma,spectral_entropy_amp_gamma,DFA_alpha_amp_gamma,hurst_amp_gamma,lempel_ziv_amp_gamma,hjorth_activity_amp_gamma,hjorth_mobility_amp_gamma,hjorth_complexity_amp_gamma,independence_ratio,points
0.5,pac,60000501,1.0,21.194444444444443,3.289860459403154,0.9724770642201837,4.351906158357771,0.9222710238927372,1.584339750136107,1.010034321269789,1.0017333770900088,0.0755495437387666,0.4536450958884117,0.0314532167748727,0.983805135629036,2.030298742323258,2.030298742323258,0.19117882283189,2.448192578027649e-05,0.9779179002742894,1.0242809395953598,1.0153179244750383,1.0004135776865577,1.0017333770900088,0.1171522452344467,0.4538287832805886,0.2367174297254295,0.2057966128596208,2.0400125773313795,2.0400125773313795,0.2230419599705384,0.5997145046216247,0.0676685381695718,1.125255574206094,2.279252945983504,250
0.5,pac,60000502,0.9993514915693904,18.56626506024097,3.110692670710278,0.965953307392996,5.281914893617022,0.9382365268966956,1.1103835262611974,1.0021912458625546,1.0130296714642006,0.129456685503192,0.7025771702131567,0.0448387345201969,0.340917877543212,2.081263214647587,2.081263214647587,0.1593156856932417,0.0003458198664031,0.2327708610712904,4.221569523021747,1.0214780486739805,1.000244294506725,1.0017333770900088,0.1261376557761722,0.4553844244444741,0.0828634189346188,0.2672896976523425,2.0257370630075364,2.0257370630075364,0.19117882283189,0.7002334253132962,0.0519895402584451,1.262249633109112,2.322284474465047,250
0.5,pac,60000503,0.9993686868686869,25.532258064516128,3.077100195099358,0.9870580808080808,4.781345565749236,0.915648721412197,1.646885830525842,1.009381307099895,1.0472974281301506,0.0739138348161729,0.9190729366800422,0.0139080846126673,0.9768300531344952,1.9158968431936767,1.9158968431936767,0.2549050971091868,2.234207673616226e-05,0.9206361059313284,1.0868087776841406,1.0199912394081958,1.000214405461899,1.001445212683332,0.106784914197292,0.4412886662413769,0.120525837525489,0.3399524518962445,2.0324171242197937,2.0324171242197937,0.2230419599705384,0.9719109619922872,0.0486917320642437,1.3615480479165805,2.0800052427755125,250
0.5,pac,60000504,1.0,16.4468085106383,3.0094762046624397,0.999353169469599,4.889240506329114,0.9313491645991016,1.137106977616307,1.0022915213353256,1.0110842832824167,0.1640229474091392,0.6502431905413584,0.0260913752975469,0.4187613253792986,2.035978536451133,2.035978536451133,0.1593156856932417,0.0005277111454147,0.2200573952291767,4.251173866901671,1.0487817496544587,1.000277173644229,1.0023088342260256,0.0804922584586669,0.4659178674852136,0.1834616367230289,0.2673274616156817,2.0367716322288243,2.0367716322288243,0.19117882283189,0.1157106873397001,0.0553632889287821,1.6421631403382473,2.249062410450087,250
0.5,pac,60000505,0.9980732177263968,22.852941176470587,2.781648799895411,0.9983943481053308,5.332761578044597,0.960100236701006,1.599916224674019,1.0099817679280645,1.0374874268817462,0.077979761486137,0.9717665094113012,0.0388201642966901,0.9923338872185034,1.9940467626749447,1.9940467626749447,0.1593156856932417,2.0791288570771887e-05,0.9740942768014812,1.0246117615699128,1.0083278178171038,1.0002988518155922,1.0017333770900088,0.1219043958772019,0.4515642103889993,0.1604859165510691,0.2764586595510502,2.0240773340099314,2.0240773340099314,0.19117882283189,0.6700782875260488,0.0575165144076159,1.2113282516674375,2.0611176702085787,250
0.5,pac,60000506,0.9986893840104848,26.73684210526316,3.016662903395817,0.9977064220183486,4.648854961832061,0.9359553856523448,1.1819899828330471,1.003461396524992,1.0252395691107794,0.114912974525884,0.8932599658740669,0.0332349416973103,0.3854351517470883,2.04069004552679,2.04069004552679,0.1593156856932417,0.0001877207501692,0.3493282525068004,2.854916209367846,1.0127856440427476,1.0001813125593697,1.001445212683332,0.0764790605904579,0.4415280894099323,0.1076894756135604,0.3671398753654377,2.0410979933852027,2.0410979933852027,0.1593156856932417,0.1482226059715355,0.0447681271717274,1.530821429222493,2.3871728871728872,250
0.5,pac,60000507,0.998706338939198,15.595959595959595,2.8877140857242667,0.9951487710219924,4.408309455587393,0.9283951787518756,1.131831024299321,1.002361836871107,1.0135831344505926,0.1208504845305968,0.7307635561118322,0.0236178961873391,0.3350308063104889,2.0045665788513194,2.0045665788513194,0.1593156856932417,0.0004192709343607,0.2455311809396568,3.9805784122019294,1.046940096618309,1.0004510747166788,1.0017333770900088,0.1377862187811927,0.4316283404462177,0.2153958645233839,0.330867533219378,2.0058084601634265,2.0058084601634265,0.1593156856932417,0.3486592199504358,0.0707046563637592,1.0189669055072372,1.8118090474442183,250
0.5,pac,60000508,0.9980532121998702,30.15686274509804,2.856286441781972,0.9974042829331604,4.629518072289157,0.9282135012626472,1.438933506153323,1.008223110119226,1.040285361459128,0.0832875200103752,0.9580910395853924,0.0369943987205697,0.7924626478495611,1.9518705837748973,1.9518705837748973,0.1593156856932417,3.3568188787481e-05,0.7930996989410318,1.2594252697423085,1.0171047660985912,1.000234526853734,1.001445212683332,0.0839802751433905,0.4491053451713297,0.1550601842100989,0.2775230561464595,2.0426732041968587,2.0426732041968587,0.19117882283189,0.1417656030653901,0.0509325683745597,1.4134548038349086,2.1131968104829038,250
0.5,pac,60000509,0.9987163029525032,21.315068493150687,3.097648959676778,0.9980744544287548,4.307479224376731,0.9185542875645129,1.1436262075118857,1.002981638996129,1.021224802181394,0.1378083708269665,0.8441820170385087,0.0441014169851388,0.3431179536421946,2.048611636868652,2.048611636868652,0.19117882283189,0.0002788404111963,0.3043465470249892,3.2456940548315734,1.0508162682308757,1.0004405591321,1.0017333770900088,0.0663102366243231,0.4590193534631306,0.2240720233303436,0.2783807532917178,2.0143739811762025,2.0143739811762025,0.2549050971091868,0.0309747974002065,0.0698560968149149,1.1065027856825322,3.081564604039756,250
0.5,pac,60000510,1.0,29.57692307692308,3.25267970002239,0.9960988296488946,4.579970104633782,0.9171031621220642,1.6578769640365485,1.0092065743760628,1.0113629887637998,0.0718416146662775,0.6033054101036611,0.0116153981464793,0.969556505867095,2.0480956309287923,2.0480956309287923,0.19117882283189,2.6363550235440732e-05,0.9047024586845566,1.1061884657607377,1.0327146229387778,1.0003032183179723,1.0017333770900088,0.1089304241393565,0.4578467650939976,0.1755572680351691,0.2348812404031524,2.041654156982983,2.041654156982983,0.2230419599705384,0.3190795809840179,0.0579153095617644,1.3018773589717991,1.9641094313013885,250
0.5,pac,60000511,0.9987129987129988,36.95238095238095,3.2755714979100707,0.9987129987129988,4.797527047913447,0.9155735673724578,1.4637798182516075,1.00896823854229,1.0247073438999064,0.1019294006916539,0.8739897852413788,0.0203599847249441,0.8003984406207538,2.0049101109380625,2.0049101109380625,0.1593156856932417,4.750133095267602e-05,0.8570740149274649,1.1813535391483692,1.0268985030514095,1.0002878880699442,1.0017333770900088,0.088085457422757,0.4489354183979656,0.1887013714153805,0.2176063730191985,2.040285232817408,2.040285232817408,0.19117882283189,0.2162290796703457,0.0564380794769346,1.4042671652757248,2.7778331244218624,250
0.5,pac,60000512,0.9987269255251432,24.904761904761905,3.2257150667237635,0.9980903882877148,4.673621460506706,0.944380260823314,1.4770864235058037,1.008082261939038,1.00602138608409,0.0881587095491828,0.5275157465876558,0.0350327735157702,0.7365739012241351,2.037647235743148,2.037647235743148,0.1593156856932417,3.983834540035317e-05,0.7853962974653216,1.2781664846407597,1.013171809921203,1.000228687474953,1.0017333770900088,0.0900326987876222,0.4535494426592102,0.1109358614033493,0.234900787240258,2.0251366611471515,2.0251366611471515,0.2549050971091868,0.5283053689194358,0.0502932225580658,1.342848475422982,1.840110985227365,250
0.5,none,60000513,1.0,33.95555555555556,3.2364403405681785,0.99934554973822,4.491176470588235,0.9375954554679816,1.366623835540249,1.0091225259355607,1.0407914082993737,0.0939083768408597,0.9583874041005604,0.0731999274493195,0.8613961830174824,2.0359681846786817,2.0359681846786817,0.2549050971091868,4.006728079726312e-05,0.8615501746988591,1.1623705925725183,1.0411088376032491,1.0002565936766112,1.0020212506707622,0.0677474696319025,0.468951960694548,0.1771688033982982,0.2171580829605129,2.021694009847597,2.021694009847597,0.19117882283189,0.060303633370675,0.0532627008038006,1.479623063410618,2.1699612453592847,250
0.5,none,60000514,1.0,32.42553191489362,3.2858275393387464,0.988517060367454,4.8208,0.9050245046436648,1.15138534771407,1.000447003856744,1.0241741803881703,0.0568848949536213,0.8261242710666241,0.0225280439535179,0.5160195460775726,2.1142151986437034,2.1142151986437034,0.1274525485545934,0.0001973580458588,0.0742730602369392,9.530701350399614,1.0413558051236704,1.0001900668784738,1.0017333770900088,0.0897334372005284,0.4547406299679595,0.0826581024431883,0.2503292820972411,2.034024873166266,2.034024873166266,0.19117882283189,0.4630058914543314,0.0458445588495937,1.4572543205275168,2.127016981509473,250
0.5,none,60000515,0.9960500329163924,30.877551020408163,3.145922411017799,0.9973666886109284,5.170648464163823,0.9485982065767417,1.3238130884768158,1.0050777801326682,1.00602138608409,0.0860027973730051,0.4328475357397023,0.0258542926445908,0.4973144782756347,2.0426715151251136,2.0426715151251136,0.1274525485545934,0.000100929599389,0.5064913656251399,1.97163549488559,1.0122636890417471,1.000175010625074,1.0017333770900088,0.0802017812075528,0.4497734786701519,0.1536541801397836,0.2932178055179281,2.041243027013067,2.041243027013067,0.1593156856932417,0.4004475722990545,0.0439746803186134,1.6769554069825907,2.3844910708515545,250
0.5,none,60000516,0.9993614303959132,17.38888888888889,3.115753859873382,0.9891443167305236,4.496371552975327,0.9296443719430711,1.134279980077913,1.0025955667328676,1.027886778742466,0.1148736158981148,0.9148828053134408,0.0399473160234036,0.3580251857391819,2.0494295137696934,2.0494295137696934,0.2230419599705384,0.0003563165297403,0.2651817850442104,3.729432791724968,1.0384995854052883,1.0003932779168063,1.001445212683332,0.1008495530194309,0.4435369647797803,0.2324520205843177,0.2941551148757216,2.0115246514030125,2.0115246514030125,0.2230419599705384,0.19379436277647,0.0659722612745412,1.057123761956765,2.1107797783160693,250
0.5,none,60000517,0.9993618379068284,24.857142857142858,2.712093684903905,0.9993618379068284,5.228714524207012,0.955177672857216,1.2988126318160431,1.0079610003093056,1.036463758486235,0.0889339058858641,0.9585566674536572,0.11084229198252,0.7699040002811451,2.031372253404051,2.031372253404051,0.19117882283189,3.766862600484156e-05,0.764295480510871,1.3147127069069928,1.0564839965056718,1.0001709448496223,1.001445212683332,0.0669378689479597,0.3992590906981145,0.0962131902503059,0.2643766814195218,2.049497368727316,2.049497368727316,0.1593156856932417,0.2631554125766507,0.0434833053670076,1.5923168803269727,2.027943617782787,250
0.5,none,60000518,0.9993642720915448,34.93333333333333,3.167276189549721,0.9990464081373172,4.973101265822785,0.9328465080513269,1.27924862692996,1.0036100395127816,1.0108053116604063,0.1090356470309758,0.5625366031986823,0.0161349024193775,0.473164824439013,2.0107729327594592,2.0107729327594592,0.19117882283189,0.0001924556449612,0.3668865069699245,2.7251305531463665,1.0166856360387588,1.00021820412264,1.0017333770900088,0.0762241141843848,0.4432431264836236,0.1239629627829371,0.3165439504522215,2.0067505730728974,2.0067505730728974,0.19117882283189,0.1337306849211033,0.0491203626554873,1.5980014756476726,2.148056628056628,250
0.5,none,60000519,1.0,19.34567901234568,3.125501758794805,0.9987236758136566,4.589442815249267,0.9511744486696369,1.1785646404165346,1.0024699524048042,1.0008680081729733,0.0704311880640634,0.383550244889913,0.0468534301876795,0.3045605159379003,2.0440382438731493,2.0440382438731493,0.095589411415945,0.0001779063638577,0.2737265197987504,3.670991044118709,1.0409731820809949,1.0003622067018751,1.0017333770900088,0.0714617482175933,0.459037952402747,0.2089961557240273,0.3194240605081097,2.042823912571826,2.042823912571826,0.2549050971091868,0.1063920216120386,0.0633124840165641,1.2426671839835155,2.083818753543997,250
0.5,none,60000520,0.9986953685583824,17.011111111111113,2.945591020968938,0.987279843444227,5.113175675675675,0.9360757835953892,1.1619817734953022,1.003342417149855,1.0292018036209736,0.1829784502289575,0.9101259935638708,0.0810479761089952,0.449969210058723,1.9922745900766623,1.9922745900766623,0.1593156856932417,0.0003503151646794,0.2933045058237186,3.451538599694365,1.062286906205175,1.0003682202990525,1.0017333770900088,0.0825392410981048,0.4515913699347354,0.1902109248994658,0.4040580506798705,2.042517820387918,2.042517820387918,0.2549050971091868,0.1591650538901703,0.0638774938102257,1.016336267556344,2.2871471065015188,250
0.5,none,60000521,0.999343401181878,20.293333333333333,3.083299819346312,0.9927774130006566,4.1652892561983474,0.8782594340796412,1.3995776274504073,1.0074691475923327,1.001445212683332,0.0720944022171796,0.4396262506228292,0.043501145417641,0.8863264073958017,2.031716667274276,2.031716667274276,0.2230419599705384,2.518677305010454e-05,0.7381696531866121,1.3508655907042924,1.0547189302217932,1.0004683035615936,1.0011567566468027,0.0865209404925222,0.4262362348796586,0.2289896218776336,0.389048941991877,2.008643723415006,2.008643723415006,0.19117882283189,0.076008266033176,0.0720733559914753,0.9902004550563012,2.6544689165967688,250
0.5,none,60000522,0.9967469095640858,28.90566037735849,3.2133973864181264,0.9964216005204944,4.314084507042254,0.907853418418644,1.3371452616719166,1.006106530886259,1.0077188566122577,0.0769657807828148,0.6170637190607595,0.0672051291220876,0.5220792039874999,2.02642548023678,2.02642548023678,0.1274525485545934,5.895660154356731e-05,0.6047891111403867,1.6552935948004697,1.0139480307718407,1.0002976024282049,1.0020212506707622,0.0743296646584254,0.467400813003354,0.2018317986404928,0.2635137660587163,2.0382298320794185,2.0382298320794185,0.2549050971091868,0.2216980012103231,0.0573686654640914,1.3899302304042518,2.046715117330152,250
0.5,none,60000523,0.9993438320209974,30.46,2.9026240423837115,0.9983595800524936,4.900161030595813,0.9498702227958724,1.140650347817502,1.0026386694163651,1.0160609257282054,0.1096931576941373,0.7341336497775237,0.0307716586667536,0.3934174690517112,2.100526015387516,2.100526015387516,0.1274525485545934,0.0002880393604811,0.267714057331802,3.655187037596663,1.00125950215009,1.0000844900787484,1.0005789664508575,0.0610214662217458,0.3963971142964856,0.0968937114099691,0.0657430985062115,2.0460113461470115,2.0460113461470115,0.1274525485545934,0.2632196784315673,0.0305430150612008,1.805887138928841,2.463931726589737,250
0.5,none,60000524,0.9961563100576554,23.2089552238806,3.1550597206916025,0.9974375400384368,4.627043090638931,0.9291395230589452,1.2495736867177003,1.005541132657516,1.0005789664508575,0.0862518585361341,0.3963971142964856,0.0598797428248243,0.5499312056975545,2.033393702162796,2.033393702162796,0.1593156856932417,5.8179045115196e-05,0.5536153239464294,1.8043629032005104,1.0181525063141337,1.0003578211274795,1.001445212683332,0.0875861410725557,0.4416882420330378,0.2282011625446483,0.290493800038402,1.9866903531813125,1.9866903531813125,0.19117882283189,0.1810757203110601,0.0629143028413448,1.168457488407505,2.634642525214278,250
1.0,pac,60000525,0.9996754300551768,37.333333333333336,3.8714617092196297,0.9923726062966568,6.501860712387028,0.8474687799712394,1.2115244226900774,1.0028611164131551,1.0064764565679072,0.0677117253396392,0.5914363340351918,0.0257596009023584,0.4647256101850111,2.0309614628219115,2.0309614628219115,0.107589411415945,6.657282674421086e-05,0.4371878556638355,2.2862782523048484,1.025724903407092,1.0002097020638636,1.001539746951587,0.112806089124314,0.4593384441649104,0.1036275494895857,0.3223587076323161,2.006265054400838,2.006265054400838,0.1613841171239175,0.5989737924599429,0.0511459189975825,1.4415065643766998,1.6400159055740442,500
1.0,pac,60000526,0.998851329176239,19.827361563517915,3.4497708026318645,0.9981949458483754,5.603869184707508,0.8842032625196489,1.1113726624600877,1.001229529882758,1.0201199634082918,0.0861011582248548,0.8609061768868717,0.0329983991373233,0.2725003347946584,2.024678934100592,2.024678934100592,0.0717262742772966,0.0003637905371579,0.196931660185384,5.0564239662049,1.0433191277783074,1.0002800237616567,1.0017954054383855,0.0959220150316601,0.4690300730742839,0.1868255667268998,0.2906653292056235,1.9605803311667316,1.9605803311667316,0.1434525485545933,0.2690774100582914,0.0590665333816619,1.3095805969137944,1.3159871270698404,500
1.0,pac,60000527,0.9996776273372018,21.915194346289752,3.5185647127887325,0.9963733075435204,6.770536692223439,0.8661508288455521,1.2224097569572023,1.00368335178262,1.0043370467371655,0.0656409082432193,0.5308402355528657,0.0635556795468027,0.6462961003888583,1.9971404512443736,1.9971404512443736,0.107589411415945,3.089162639054341e-05,0.5592780507076406,1.7869475838665227,1.0337759844960746,1.000248404930636,1.0014118147359303,0.1196539461686341,0.4534029387609748,0.1460556411098365,0.3887217154982357,2.0231571904753687,2.0231571904753687,0.1613841171239175,0.5358272527798466,0.0556541677662782,1.2577240589034828,1.704633212133185,500
1.0,pac,60000528,0.9993630573248408,20.180064308681672,3.4305610633387347,0.998407643312102,5.848880597014926,0.9145106924141096,1.1267280940190452,1.001250495804594,1.007601439688763,0.0741498476080539,0.634477572904141,0.0365595643326769,0.1955100260213675,2.045999055687276,2.045999055687276,0.0896578428466208,0.0002303429000094,0.2107987246157217,4.721932100850648,1.022549152304525,1.0003071136962942,1.001667610487282,0.104586241514731,0.4620153011649232,0.1756609285279977,0.3404535100633938,2.035668146317911,2.035668146317911,0.1793156856932417,0.2326055493962835,0.0618813670211731,1.1566710182525288,1.802264504717132,500
1.0,pac,60000529,0.999513776337115,20.55666666666667,3.3744846369025625,0.9991896272285252,6.726677577741407,0.9144265717779532,1.163624766277093,1.0017791446822857,1.0099593682621288,0.0734146460491526,0.6636085305478509,0.0425414543219761,0.2913075699645778,2.0089435717456903,2.0089435717456903,0.1255209799852692,0.0001503067557245,0.2854872862832217,3.478282055984636,1.0304558357983873,1.0002540931598771,1.001539746951587,0.0990971093403959,0.4563594569381013,0.1201892107073767,0.3288573200267952,2.015365900196048,2.015365900196048,0.1613841171239175,0.3614984219263095,0.056277968823024,1.392693030990332,1.3555230933818998,500
1.0,pac,60000530,0.9986989754431614,13.321041214750542,3.044853629115949,0.9986989754431614,6.471022128556375,0.904387935240949,1.1774606798741911,1.0031624459923192,1.0317001576747626,0.3072004250194345,0.9718951264575516,0.0195329591664463,0.6353425508613731,1.2600852100601283,1.2600852100601283,0.1255209799852692,0.0009107791751329,0.2443619979906251,2.7819686275724886,1.0274685576896745,1.0002893184861523,1.001667610487282,0.1112041874258011,0.4626314451217188,0.215805206194566,0.3398427363367727,2.031141689684005,2.031141689684005,0.1793156856932417,0.504826477996762,0.0600442657436056,1.269968330298389,1.5731295407941766,500
1.0,pac,60000531,0.9985406194259768,25.237704918032787,3.672692507270805,0.9973244689476244,5.791431261770245,0.8499302529895443,1.17583081963604,1.0014019097149982,1.022948082777963,0.0562426470989084,0.8613118126062309,0.0242819314953697,0.6038819531668148,2.004759772176015,2.004759772176015,0.0896578428466208,0.0001054393411585,0.232563962044395,4.246743829969034,1.0456008066298763,1.00034683652105,1.001539746951587,0.1193170799218724,0.4590176008331847,0.2413014501463685,0.3312874295206103,2.0179542167118774,2.0179542167118774,0.1613841171239175,0.410566567684394,0.0657491180058497,1.127669078176538,1.75419002430158,500
1.0,pac,60000532,0.9988771254411292,18.812688821752264,3.4948592404631,0.9938241899262112,6.05029296875,0.8620721911893736,1.1628407849031508,1.001559706570153,1.0120498821233974,0.1478930770546445,0.7238079809234588,0.0098247855800399,0.5157287883961194,2.14888522252888,2.14888522252888,0.107589411415945,0.0003662272034551,0.1850983699649998,4.655058685421733,1.024164955194249,1.000352678104275,1.0014118147359303,0.1253446666434945,0.4524910768027865,0.2165374947901329,0.2227795771144396,2.03493093617373,2.03493093617373,0.1793156856932417,0.570442062997733,0.0663071877681808,1.1210323277449643,2.0447726477056567,500
1.0,pac,60000533,0.9990473166084471,22.71480144404332,3.5256562994811373,0.998412194347412,6.455852156057495,0.8898871721530731,1.2052692830961045,1.0027484923888448,1.0038308741709074,0.0710113028529352,0.4954842745619642,0.0626090794663315,0.5903950929073865,1.872000147342913,1.872000147342913,0.107589411415945,4.921656814110997e-05,0.4196074245644758,2.381207618919067,1.038320435525267,1.0002942610748948,1.001539746951587,0.0988613850035189,0.458403856024293,0.2262802149642833,0.2855933966725098,2.0346948234142257,2.0346948234142257,0.1972472542625659,0.191759064080798,0.0605552137842075,1.1805199755607994,1.830546849494332,500
1.0,pac,60000534,0.9982232272653851,20.19607843137255,3.476895009870898,0.9925698594734292,5.469514908767245,0.8112743448097729,1.2903313453026963,1.0032458516298222,1.0171394818382828,0.0824913797194796,0.8207438181392263,0.0268736970300564,0.6616315716825686,2.1899405962418053,2.1899405962418053,0.1255209799852692,7.365827968803673e-05,0.4712672421080618,2.104847021271748,1.0305260509554022,1.0004383847131415,1.001667610487282,0.1159350693899324,0.4639020689656279,0.2893728403740295,0.257341463092505,1.9893171521498008,1.9893171521498008,0.1972472542625659,0.3974709729315884,0.0739518656756947,1.0495578534145824,1.867881045691549,500
1.0,pac,60000535,0.99983922829582,28.791666666666668,3.7355903141624553,0.9987138263665596,5.846588235294118,0.8440651543478028,1.1371931044717518,1.0008034509181736,1.0100828375167032,0.0500366122666188,0.6810807953779365,0.0295709939686449,0.3893878958440233,1.6423574876673517,1.6423574876673517,0.0717262742772966,0.0001212193352622,0.1368445030994347,6.161489486323071,1.0352298256842247,1.0002835714591247,1.001667610487282,0.0866170397424492,0.463598664529572,0.1936472103911635,0.3104593283287572,2.031277406512644,2.031277406512644,0.1972472542625659,0.2187434478009293,0.0594329990568462,1.3836804395604818,1.3727249367814278,500
1.0,pac,60000536,0.9996728819103696,25.1522633744856,3.54618042784403,0.9993457638207393,6.714285714285714,0.9184827271946288,1.1233442661423594,1.001844371606252,1.0030696036296072,0.0758531711884233,0.509845787109016,0.0819659076936012,0.4340913936556225,2.0207104268663354,2.0207104268663354,0.1255209799852692,9.922244116988238e-05,0.292779214595536,3.424812174903477,1.0386428500928502,1.0002021863977295,1.0014118147359303,0.0986912163452781,0.4519154576468279,0.1142599976210731,0.3633376071325549,1.9779328893284536,1.9779328893284536,0.21517882283189,0.3840466450815087,0.0501909306143654,1.2720979852173866,1.6476834370878202,500
1.0,none,60000537,1.0,20.511551155115512,3.421407623838977,0.9992759452936444,6.260584677419355,0.8719898938030173,1.2786188897150288,1.0029799316117385,1.0135148418662026,0.0694158543813093,0.7558733948384094,0.0258577648008644,0.4100653134228694,2.015675808059713,2.015675808059713,0.0896578428466208,5.897968446716903e-05,0.459147127558824,2.178572753945349,1.0434790003711178,1.0002983560499434,1.001539746951587,0.0726274855922413,0.4573264285671602,0.1826561469884359,0.5202436566046881,1.9890041321103245,1.9890041321103245,0.21517882283189,0.0840067649935706,0.0610177690194984,1.237366533240437,1.4807550842200845,500
1.0,none,60000538,0.999348109517601,28.52093023255814,3.6577259259084673,0.9996740547588006,7.229228049499116,0.8916238412790243,1.2989529420651955,1.0029102795096947,1.0339542796815515,0.0657603382843632,0.9850134194619844,0.0376888659085464,0.4074223773102905,2.028880603149341,2.028880603149341,0.1255209799852692,5.1822026816008425e-05,0.446313855194284,2.23976156500236,1.0307872830317757,1.000124951174034,1.0014118147359303,0.0645865723486864,0.4486055400224287,0.0999899787719179,0.2675320585323691,2.0195239743830102,2.0195239743830102,0.107589411415945,0.2895678148369972,0.0394254050777646,1.8674863709730976,1.6029393591881895,500
1.0,none,60000539,0.9985888993414864,16.042821158690177,3.169607532672595,0.9983537158984008,6.323237338629593,0.907964990060094,1.101600893675028,1.0007066226617236,1.0164188032607069,0.0696338029104114,0.7368250167098936,0.022907834862815,0.3324616762492904,2.008595007276029,2.008595007276029,0.0717262742772966,0.0002990952762054,0.1253451821939661,7.837167434442453,1.033390805732859,1.000342575681958,1.001667610487282,0.1102559776699792,0.4636541240153924,0.2289958283033531,0.3440902422505723,2.030945796153664,2.030945796153664,0.21517882283189,0.2015944654061068,0.0653488964650579,1.247643404732996,1.4342113326465895,500
1.0,none,60000540,0.999352855524996,19.363636363636363,3.258326318309517,0.999029283287494,6.938202247191011,0.9226445183221316,1.1075282195966216,1.0014962903444204,1.0067269063432758,0.0841460848409467,0.6098479372570746,0.0378953096759448,0.329396799254146,2.04657975157522,2.04657975157522,0.107589411415945,0.0002216793010209,0.2397822711378406,4.135014331593443,1.0274675222275385,1.0001958694979631,1.0012838137447344,0.0941234134085044,0.4455104911016538,0.1275016415350399,0.3572327638694494,2.008706778253871,2.008706778253871,0.1255209799852692,0.2413847051497724,0.0493818357035648,1.2298655206312523,1.4687649786682937,500
1.0,none,60000541,0.9980809211578442,16.776881720430108,3.2058533286456448,0.99696145849992,6.628389154704944,0.9330073306810645,1.136908055750311,1.001920061116055,1.007975273054038,0.1743513759395228,0.6231577167535839,0.0175355361690507,0.5291493643646177,1.3567444928137586,1.3567444928137586,0.1613841171239175,0.0005737157933053,0.1893919436542603,4.0364784134472345,1.0316207472000558,1.0002500957711675,1.0014118147359303,0.0809156557055289,0.4519720140481219,0.2037866937411073,0.3426921897418359,2.036104732693407,2.036104732693407,0.1434525485545933,0.2414420587478692,0.0558110737006104,1.24390018756153,1.4637642951117318,500
1.0,none,60000542,0.9968908525609556,16.288770053475936,3.269475472168991,0.9968090328915072,6.730939226519337,0.9039335158286692,1.2715310863632612,1.0060682515994932,1.0108223404676833,0.5730306781058734,0.5858491559520542,0.0095445082264141,0.7747367104482257,1.04994902128658,1.04994902128658,0.0896578428466208,0.0022829414429485,0.4615023295043856,2.0778749153924574,1.0176876006142876,1.0002019362375714,1.001539746951587,0.0806488371446677,0.4582305178612896,0.1434136788237752,0.3032512229686774,2.0242930939786365,2.0242930939786365,0.1255209799852692,0.2363486253363086,0.0501411041375196,1.3557310701677014,1.4457142389262996,500
1.0,none,60000543,0.9991896272285252,17.220670391061454,3.243816982279682,0.9989465153970828,6.921392476137002,0.8757728408710844,1.1507768383495054,1.0014618237079649,1.0017954054383855,0.1303554613930284,0.4690532289737565,0.0199943560744532,0.4828200675323487,1.9061172365914791,1.9061172365914791,0.0896578428466208,0.0003442026051785,0.192051993558313,4.787842105416988,1.0209115793023074,1.0001802357859155,1.0012838137447344,0.0702869227372817,0.4411879022031661,0.1584568846582899,0.3497409172563424,2.0397512713480266,2.0397512713480266,0.1613841171239175,0.2052705514125756,0.0473600483975415,1.3864066261929766,1.9514248531204528,500
1.0,none,60000544,0.9982102180279856,14.46933962264151,3.034226289328804,0.998372925479987,6.698689956331878,0.9404170985863342,1.166879270149418,1.0023104193423056,1.023533277748758,0.0924753566727602,0.8897319345940633,0.0298736002529503,0.4235748564456344,2.023886373976348,2.023886373976348,0.0896578428466208,0.0001862125933343,0.3516047301640438,2.828634108504525,1.0186842690324345,1.000285832076058,1.001539746951587,0.0988866858962421,0.4573071932518699,0.2180325557958464,0.314944306594101,2.038167813864323,2.038167813864323,0.1613841171239175,0.2852503180225279,0.059672105320299,1.185556994041527,1.3417102098539684,500
1.0,none,60000545,0.999681224099458,27.388646288209607,3.612097872020475,0.9991233662735096,7.015668718522663,0.9120294713232728,1.1206089627934244,1.001413802982649,1.0012838137447344,0.0995418208703825,0.446291056455077,0.0388627651335589,0.3848015867256616,1.4191181767294951,1.4191181767294951,0.107589411415945,0.0002578653258202,0.2147606710047168,4.520351572188715,1.0264242878032517,1.0001514198180217,1.0011557438822114,0.0675860300531895,0.4390696508656871,0.1460872411704576,0.3111802318811817,1.9921892000149888,1.9921892000149888,0.1434525485545933,0.1228798866613497,0.0434027645466282,1.4974210230373923,1.7876817698239629,500
1.0,none,60000546,0.9988801791713324,20.141935483870967,3.442173549594205,0.9991201407774756,7.0931289040318,0.9167473726105524,1.2400348457187005,1.002548882190449,1.0005143581323246,0.065714224156916,0.4092359064212764,0.0447097888622773,0.293461614908525,1.989798114245245,1.989798114245245,0.0896578428466208,8.044442946550024e-05,0.3985772821006706,2.501709816867384,1.026372176482364,1.000192773723912,1.0012838137447344,0.0806325748456726,0.4461755146916349,0.1421957716952965,0.3341337761804717,2.041223119573685,2.041223119573685,0.107589411415945,0.3706291434756646,0.048985768030231,1.3072613787599143,1.6669708980100597,500
1.0,none,60000547,0.9990303813833226,17.51274787535411,3.264951253309812,0.9991111829347123,6.619379014989294,0.9001126865253247,1.1031556493456862,1.0010876190176163,1.003704163771496,0.0762014912810273,0.5271394904426998,0.0274421888396165,0.299546664946971,2.0608375588362926,2.0608375588362926,0.107589411415945,0.0002466109875395,0.181661839860941,5.439119498939947,1.0267726868194698,1.0002601445708754,1.0012838137447344,0.0810134353468571,0.4481096539624444,0.1961067587806149,0.331631796138457,2.029212408858628,2.029212408858628,0.1434525485545933,0.1633167242951519,0.0569180456277327,1.3530524204580463,1.4549270459458652,500
1.0,none,60000548,0.9995162850693324,21.9822695035461,3.2815468090994893,0.9994356659142212,7.063817663817664,0.9126416151282044,1.142125437936471,1.0014829842039832,1.0012838137447344,0.1495550247959161,0.4428652051329907,0.0416404076747792,0.4807985873440576,1.5343980745961987,1.5343980745961987,0.1613841171239175,0.0004748945324778,0.1799273293569571,4.814618024356365,1.0253007706364856,1.0001373315092026,1.0011557438822114,0.0746191959809226,0.4283041778223488,0.1227602220235792,0.3721747954634065,1.9864499118996493,1.9864499118996493,0.1255209799852692,0.2542472285165044,0.0413332890609417,1.6183225731456763,1.7305060831961356,500
2.0,pac,60000549,0.9989455754724632,20.716568544995795,3.753047774723704,0.9970800551545136,7.33910447761194,0.8232408546708242,1.2182179752231492,1.0034546048875148,1.0119237254535736,0.4060980043633219,0.6997870002274192,0.0155376092279463,0.7530156111062576,1.267120673433633,1.267120673433633,0.0797262742772967,0.0007906931590436,0.3472470756200009,2.220327986829306,1.0273810903835507,1.0002229674065013,1.001327507220935,0.1074725303372611,0.4531618541242972,0.1591277837139217,0.4544877536484143,2.0262843452103563,2.0262843452103563,0.1494867642699313,0.5183874403393425,0.0555784730805478,1.2517092686677578,1.638865004532194,1000
2.0,pac,60000550,0.9977046974553802,22.037587412587413,3.778853008437789,0.9978827812734972,7.804240173320953,0.8500176994597042,1.7475915839167933,1.0081205875103283,1.0055975373714536,0.9375418596474548,0.6034171919448393,0.0091892337839957,0.984476235626813,0.6980986927352949,0.6980986927352949,0.119589411415945,0.0060174059859531,1.2302946477620855,1.3561774835160751,1.0266828459124686,1.0001906188595378,1.0012699686296955,0.0984908399611977,0.4533966666187135,0.1721768478836899,0.400268210714328,2.0079827044434646,2.0079827044434646,0.1395209799852692,0.3498438314933693,0.0513671896532787,1.3690798841312848,1.46472951749067,1000
2.0,pac,60000551,0.9996813510714572,18.253090909090908,3.5577799352313275,0.9977097108260974,7.242590718519589,0.856804565587332,1.107315219074876,1.0009050643934554,1.0028178602904725,0.0969259371584096,0.5112194441893855,0.0255953050298048,0.4877319198630596,0.9486368195284692,0.9486368195284692,0.0498289214233104,0.0002545047912883,0.1642768892165522,5.495455137483543,1.0274155517838734,1.0002273135183568,1.0012699686296955,0.1135620992182233,0.4521805959493735,0.1546476016827202,0.3904097203574401,2.017696004479048,2.017696004479048,0.1494867642699313,0.5466670209522457,0.0561187670922319,1.2718086220280496,1.4097826258518606,1000
2.0,pac,60000552,0.998102541803376,17.631983240223462,3.571785967590304,0.9980630114242796,8.268544293433765,0.880025332557984,1.245302856728983,1.0037646245326597,1.0019593655643595,0.4932469740818906,0.4666201117486887,0.0151420323795005,0.7580407157544528,1.0573907793491155,1.0573907793491155,0.0797262742772967,0.001149870780542,0.4070415647430719,2.2301560637496407,1.019256895740409,1.0002023984457535,1.0011548428267298,0.1059990406618048,0.4482826220396887,0.1451463218969739,0.3893698405991098,2.006396735365395,2.006396735365395,0.1494867642699313,0.5523153275092577,0.0529631038952363,1.2547557623127752,1.2290214008493088,1000
2.0,pac,60000553,0.9995575755138156,25.027190332326285,3.883313878633594,0.998451514298355,6.861387506909895,0.8295303217097642,1.1652513531787243,1.0013344104963642,1.00767194761556,0.0514482975913509,0.6425520412376543,0.0412148526495832,0.3866644704598931,2.0194975093415657,2.0194975093415657,0.0597947057079725,5.653632749110089e-05,0.3191014430892375,3.1111879151700546,1.033918920740069,1.0002495921463002,1.001385029620499,0.1026633862244473,0.4566351370990359,0.1702704977773323,0.3669082970408326,2.020726405551452,2.020726405551452,0.1694183328392554,0.2764784424138491,0.0588083039899667,1.283456043503192,1.4106629756900215,1000
2.0,pac,60000554,0.9994044310331136,18.68671121009651,3.586336786631404,0.9986103390772652,7.138072938839223,0.8431481824363487,1.1477697965016616,1.000952461774257,1.008451478759474,0.0539807987759297,0.6680406167408416,0.0291946485719202,0.4537621922787678,2.034829777112,2.034829777112,0.0697604899926346,0.0001089042192329,0.2343758435438976,4.253165262380912,1.035928790460929,1.0003014503239052,1.0014425358397336,0.107338198550734,0.4601675605944141,0.2318595950779225,0.4032081415700423,2.008938753998108,2.008938753998108,0.1793841171239175,0.2804409971955368,0.0646345690756319,1.2190583804733015,1.3473384108256017,1000
2.0,pac,60000555,0.9984673426078756,18.437590711175616,3.570788825939612,0.9985066415153658,8.649531914893617,0.8711401351544249,1.3090007098809555,1.0037157808618182,1.003445147168756,0.5046597436801439,0.5335040021951077,0.0169148252484283,0.7215577035273063,0.7877030527818473,0.7877030527818473,0.0697604899926346,0.0013395369991666,0.3925266548753457,2.3565243574045653,1.0327734008319882,1.0001593407279157,1.0012699686296955,0.0978012587230148,0.4541078333330303,0.1156532468620371,0.4106551757260891,2.016948434318523,2.016948434318523,0.119589411415945,0.5505743239010237,0.046978684194702,1.681115180980172,1.2973300161740715,1000
2.0,pac,60000556,0.9996035993181908,18.37973760932945,3.631812732118824,0.9966504142387124,7.612019376324554,0.8548321673600341,1.0988628370668116,1.0008245628556731,1.009836274637702,0.0557742471737865,0.7037879926026763,0.0356842905890998,0.3222328408658754,1.9814195281290967,1.9814195281290967,0.0697604899926346,0.0001195686419261,0.2023086641970957,4.906525859558432,1.0260410378730334,1.0002598683430948,1.001385029620499,0.1142243951522515,0.4570397050945418,0.1601294172657422,0.4056216597300309,2.0240001870387294,2.0240001870387294,0.1494867642699313,0.6988341438118888,0.0600392012517969,1.2416777786878208,1.446661838525578,1000
2.0,pac,60000557,0.9993617615381548,22.053697183098592,3.764770093831059,0.9991224221149628,7.788246268656716,0.8559606258168972,1.117465151561835,1.000963069487697,1.0135571518679196,0.0500102116159541,0.7896982138276665,0.0391667554265362,0.3718371308493038,2.012545328708905,2.012545328708905,0.0597947057079725,6.914952468635865e-05,0.2324569749260676,4.287388548182846,1.0272265549382062,1.0001929706695238,1.001212413835418,0.1099770356578428,0.4510671167508003,0.1517537030444545,0.3418851475409296,2.0186285290258383,2.0186285290258383,0.1295551957006071,0.4875685188963655,0.0516857256176333,1.236766652950559,1.414587592331185,1000
2.0,pac,60000558,0.9991987821488664,19.26023166023166,3.6597394219145754,0.9973559810912588,7.159166067577282,0.8133380633273518,1.7586404976582777,1.0083000863547067,1.0116502475768372,0.9449919955545032,0.7516039740014452,0.0087061801675513,0.9880014321036912,0.616192065742194,0.616192065742194,0.119589411415945,0.0070686905035445,1.2581536944213825,1.3270750050687237,1.0300648137011073,1.0002639742012762,1.001385029620499,0.1124393481168146,0.4580615889957586,0.1909810165795767,0.3801330646721496,1.9815202951701356,1.9815202951701356,0.1494867642699313,0.3999574599371162,0.0604855652506026,1.262322946930871,1.6465519618988358,1000
2.0,pac,60000559,0.9998411816088304,25.38508064516129,3.904189834698319,0.9989478281585008,7.178174037089872,0.8497064931694864,1.1239384156495211,1.0010422882030494,1.020335469421045,0.0542115683192129,0.8788122242129613,0.0440340985914927,0.3849089307031698,1.8426730044431552,1.8426730044431552,0.0498289214233104,8.018094740252246e-05,0.2479786607246933,4.004862588410435,1.021446978628033,1.0001919248745323,1.001212413835418,0.1004995831430557,0.4461509244060704,0.1403359788674435,0.3976793848098333,2.027634573531838,2.027634573531838,0.1494867642699313,0.2840742954760804,0.0515641762094105,1.3460442686572944,1.3615788895171557,1000
2.0,pac,60000560,0.999160537256156,18.542284866468844,3.5931095783692597,0.997661496642149,7.925531914893617,0.8516720824025025,1.1246182611696929,1.001111699582247,1.0146390998238686,0.0789160060920967,0.8076942895244326,0.0347707357209191,0.4576996827522559,1.9237038313620825,1.9237038313620825,0.0697604899926346,0.000112772209968,0.2457472941914149,4.044500093950632,1.0301691351573183,1.0002582942095155,1.0012699686296955,0.1162610420172783,0.4528903471332801,0.2143427970969561,0.3868817594183805,2.027050720833819,2.027050720833819,0.1494867642699313,0.6764465186379084,0.0598180344455464,1.1660697104270776,1.590192957762561,1000
2.0,none,60000561,0.9989122552574328,16.269685039370078,3.413097048523438,0.9986503907823704,7.536789297658863,0.8637701801044004,1.0844042952940014,1.0005950834731612,1.0072810816788074,0.0911215432395891,0.6483860882145769,0.0275351073265338,0.4163268689144675,1.346021331240117,1.346021331240117,0.0597947057079725,0.0003808944396112,0.1262342931286116,7.243316692554946,1.0336242618229088,1.0002394913479775,1.0012699686296955,0.0828373428393212,0.4540574024254655,0.2163164897387552,0.3970507493757688,2.005742435516726,2.005742435516726,0.1395209799852692,0.131118849922676,0.0575861326583517,1.2888147997758133,1.3044851390601395,1000
2.0,none,60000562,0.999439932791935,21.59291270527225,3.6890903145798544,0.9992399087890548,8.538027687574774,0.885248844522992,1.0807180976316653,1.0004680592164767,1.0237748143267216,0.047383617421291,0.9027057493698992,0.0293868921300157,0.3955876450530999,2.0324506336766373,2.0324506336766373,0.0597947057079725,0.0001232229631703,0.1186129398908372,8.412472587727265,1.030840976529663,1.0001783117438243,1.0011548428267298,0.0880503705944256,0.4374334262619813,0.132787127551892,0.4581796099775221,1.9430773086917208,1.9430773086917208,0.1096236271312829,0.2052536642323018,0.0497034730897946,1.539200948693625,1.2903821979104104,1000
2.0,none,60000563,0.9995620147322316,18.364301389904902,3.540284200176366,0.9992036631495124,8.476608680966054,0.9022309565662696,1.060702871807876,1.0005699193471036,1.0020167106017244,0.0699485196265275,0.4812140587171508,0.0527853410942683,0.3440491560286834,1.7167671167493386,1.7167671167493386,0.0597947057079725,0.0002477417767031,0.1390682767262693,6.962863499753568,1.0211761233869987,1.0001660263506686,1.001097255592245,0.0835238589191372,0.4464190130137004,0.1587949045837013,0.3837804168226923,2.015616339467567,2.015616339467567,0.119589411415945,0.2451925652399857,0.0479387440753686,1.388155508212456,1.3847865932283483,1000
2.0,none,60000564,0.9993173239097262,16.951634877384198,3.496048361386557,0.9983535458999278,7.864916165770325,0.8791075273992414,1.1317908118433204,1.0014605680782265,1.0063848962359132,0.1660022922364744,0.6259609135387476,0.0129788837514948,0.5534878979516096,1.7316085202001086,1.7316085202001086,0.0896920585619587,0.0004865096596033,0.1781557459681487,4.118019210143836,1.029722068540839,1.0001945560707748,1.001385029620499,0.0763988422419986,0.4588383151082736,0.1804108315192243,0.3704161335454527,2.0156338305544104,2.0156338305544104,0.1295551957006071,0.1547431063291028,0.0519000771647886,1.3565451990283155,1.2913960569423455,1000
2.0,none,60000565,0.99928560088903,18.69190794357832,3.5815887318203794,0.9989482457532942,8.893816254416961,0.9114717953796873,1.1408647351967225,1.001768341462611,1.0067774545893018,0.2497505889228417,0.6315405140620984,0.0190096122983494,0.5744630538959464,0.8121028721191011,0.8121028721191011,0.0697604899926346,0.0008258450031178,0.1900636474642694,3.2568564273921425,1.0224541722145255,1.0001363140089492,1.001385029620499,0.072085162955428,0.4571060856391599,0.1375920016183745,0.3528974718674535,2.027363337926748,2.027363337926748,0.0996578428466208,0.2176021335777616,0.0434303103629154,1.5294853990353825,1.3224060195796417,1000
2.0,none,60000566,0.9994080505130228,16.444805194805195,3.409102930169788,0.9992107340173638,8.30572412661965,0.871810276883305,1.1074095016764105,1.0010009758646925,1.0231017057198826,0.0800218781398849,0.8806564097311583,0.0277499129529023,0.4588648033203718,1.8827769724545005,1.8827769724545005,0.0996578428466208,0.000148770687403,0.2103707257545518,4.636349380240795,1.0362459968833078,1.000219254629693,1.0012699686296955,0.0791947460208954,0.4528966324464702,0.2015250658324877,0.4321439358038709,2.008430229328228,2.008430229328228,0.1395209799852692,0.1818789313092338,0.0550980102030237,1.346536431354474,1.1584774697985711,1000
2.0,none,60000567,0.999283981065277,17.3367839889579,3.502498654118427,0.9990850869167428,8.034548944337812,0.8378906643285872,1.099266835154581,1.0007638781675503,1.002932055126819,0.0547776777964646,0.5177714083653834,0.0172724148303914,0.3591691648271678,2.0316504023883826,2.0316504023883826,0.0597947057079725,0.000122205957918,0.1868543412347378,5.287959299449982,1.0420354285365487,1.000214473582946,1.001614957528763,0.08041041821765,0.4686793688302726,0.1961517238125945,0.4044058832274132,2.002084829771145,2.002084829771145,0.1494867642699313,0.2038997823686353,0.0544980780592559,1.4854609344528615,1.3514996454585495,1000
2.0,none,60000568,0.9991145099617628,16.37401055408971,3.4425339674214253,0.9985308915274704,7.965484026328464,0.8695259322146275,1.138708717276954,1.0012461164665971,1.0108276647986014,0.1913773868371264,0.7292782754964093,0.0093898371854028,0.5305541511345557,1.303493644561156,1.303493644561156,0.0498289214233104,0.0005440993939414,0.1538843402788459,4.007781469659979,1.0325735069670463,1.000282546166103,1.0015574997825487,0.0844685678068041,0.4661034045707487,0.2320398164854482,0.4091004817390647,2.0104799645999845,2.0104799645999845,0.1694183328392554,0.1104427393469525,0.0625742923871652,1.1976292737019525,1.3056676517845374,1000
2.0,none,60000569,0.9985327358527976,16.203346203346204,3.321552500286723,0.9986517032160844,7.975613618368963,0.8563841347634898,1.166015055962026,1.001635664645902,1.0310942558723184,0.164745613944699,0.99003550978122,0.0212737085157645,0.6011829022043721,1.316579064418391,1.316579064418391,0.1096236271312829,0.0003587638325946,0.1932846637312655,3.749477217320821,1.038998051486302,1.000241226332052,1.0015000258899758,0.0836209538671492,0.463484493346477,0.2173555393297838,0.391736436638388,2.0137941231600087,2.0137941231600087,0.1494867642699313,0.1612551833392268,0.0578017850944067,1.366921345503039,1.316144852994503,1000
2.0,none,60000570,0.9991577765300392,17.193236714975846,3.4265499173466205,0.9991778294698004,7.818452847952298,0.8769420945220571,1.1283305238907315,1.001069345460944,1.000924396419964,0.056267413833814,0.4354599898281357,0.0231410798445941,0.3968485471873264,1.985422696822109,1.985422696822109,0.0697604899926346,9.40166559288683e-05,0.2532276131651411,3.927520658716953,1.0292721673546348,1.000210553871389,1.001385029620499,0.0765502192711105,0.4585970199291054,0.2071077907879496,0.3559125930811383,2.0244060052551087,2.0244060052551087,0.1395209799852692,0.1530650206517868,0.0539853556210162,1.3574026397625043,1.2372626656558126,1000
2.0,none,60000571,0.9992962977442432,20.36733067729084,3.670921950437762,0.9991594667500684,8.405689853642492,0.8512076913272566,1.096496774732738,1.0009222735324783,1.0033882002075034,0.0568911875917498,0.5295380822486925,0.0407799258415128,0.3555581739552124,2.0236754500415755,2.0236754500415755,0.0697604899926346,0.0001187610775188,0.2221646021127758,4.476930766649172,1.0273583057482103,1.0001425072362196,1.001212413835418,0.0836635694001483,0.4475318442135466,0.1401669735685463,0.3830414941387484,2.022699151215884,2.022699151215884,0.119589411415945,0.2672277104887525,0.0444052340100814,1.5358820142029217,1.3462857608923946,1000
2.0,none,60000572,0.999321655161406,18.98711144806672,3.580665108189556,0.9996209249431388,8.280118988596927,0.8808922868217596,1.11577198855257,1.001005959379764,1.0070573985072693,0.0685966542149653,0.6262486114536916,0.0222380423846725,0.4654417397395859,2.1447952496691447,2.1447952496691447,0.0697604899926346,0.0001101948207363,0.2184229905608503,4.464707467969952,1.0250513107275676,1.0002067551088043,1.001327507220935,0.0896793747400736,0.4557761653794127,0.1708674067488388,0.4022808460282366,2.010917288675243,2.010917288675243,0.1594525485545934,0.1941071848631322,0.0534986948560376,1.4028529670281042,1.27931645986704,1000
4.0,pac,60004001,0.9996709247015886,18.716952949962657,3.700495301086311,0.9981701419012574,9.204367816091954,0.831467856062959,1.0794791243502682,1.0005025309393316,1.0057992633469268,0.0828441623838759,0.6232543740976102,0.0326445456883112,0.4915633985075326,1.0577925233494474,1.0577925233494474,0.0548289214233104,0.0001915733593858,0.1280184373362818,6.9203148346954535,1.0274578505573388,1.000188511404834,1.0012063021560484,0.1151061157220584,0.4568073081394184,0.1290184034446908,0.4640070375369751,2.0043827820745674,2.0043827820745674,0.131589411415945,0.6406208861431402,0.0536247332208583,1.3689599374464725,1.3485902717593752,2000
4.0,pac,60004002,0.9993792923933283,19.12337164750958,3.760238808182639,0.998353122559718,8.284580875633463,0.8228636870720706,1.1824709789736396,1.002505028256861,1.0100546850922714,0.3347765534466864,0.7366959802515943,0.0113510543975695,0.7081375488435683,1.326169924731509,1.326169924731509,0.0603118135656414,0.0007534938646583,0.2947425616152384,2.527027298891723,1.027018663331004,1.0002206979683153,1.0011801645117826,0.112671909966735,0.4545243476861171,0.176356297985465,0.4428804258606971,1.9944785107474896,1.9944785107474896,0.126106519273614,0.5455977256075325,0.0580081579899833,1.2777703211103744,1.36937627619562,2000
4.0,pac,60004003,0.9991681768218412,17.998394577238674,3.710606214189856,0.998410623570304,7.9141646061462385,0.8247188219856865,1.1646790350026188,1.0016210762800584,1.0048285234032506,0.2636671782882006,0.5953910633572133,0.0156622070921895,0.6303006890078802,1.2707731552651171,1.2707731552651171,0.0383802449963173,0.000625149327768,0.2188814479139106,3.131347405357065,1.0296881093636203,1.0002342870389944,1.001232435985326,0.1163321290933356,0.458052303240459,0.1943540841621466,0.4367420520944186,2.010062301563082,2.010062301563082,0.1425551957006071,0.4502186194711318,0.059772517952216,1.2349373230574907,1.5243742982144757,2000
4.0,pac,60004004,0.9996012083387336,22.561431143114312,3.947393720507157,0.9987238666839476,8.050711243269308,0.7870618532403268,1.0880129406423964,1.00052028141079,1.0176603450257151,0.0499432300504022,0.8842122910418422,0.0282870290834995,0.4139112742790901,2.0183816868357924,2.0183816868357924,0.0438631371386483,0.0001018420125883,0.1824679365723605,5.388362182426894,1.0377132279787182,1.0002109031817852,1.0013108145967042,0.106722011871181,0.4617794487068703,0.1643845749356239,0.4577633716872856,2.0131827773765028,2.0131827773765028,0.131589411415945,0.3934152277389374,0.0567379438257605,1.283261053061755,1.3325102411481275,2000
4.0,pac,60004005,0.999383071897408,18.57792818198909,3.684920604073826,0.9986245537384832,7.82014018136459,0.8122900208231718,1.0676444923877375,1.0004512408346955,1.0102536826831554,0.0596529266184142,0.7418124166386952,0.0250704632815912,0.4210771642891734,1.972038678702305,1.972038678702305,0.0603118135656414,0.0001551928985389,0.1478431600297214,6.560917673026517,1.0291852744032193,1.0002300619187077,1.0012846922043066,0.1106306514011433,0.4602875459643067,0.1877818632751782,0.4690239830328349,1.9611167018729807,1.9611167018729807,0.1425551957006071,0.3769848004825918,0.0592214490180723,1.2622277185186053,1.3274946934276564,2000
4.0,pac,60004006,0.9996276841956973,18.47517202901246,3.6994961279036658,0.9987723641047316,8.413307904216994,0.8079979131720938,1.0731214826560678,1.000570921636115,1.0027158015683144,0.0687885481888423,0.5109162626109203,0.0415288729324037,0.4612286984687384,1.8163045215358176,1.8163045215358176,0.0712775978503035,0.0001408937414454,0.1841540016512946,5.279798514109388,1.0292270884989627,1.0002183523927188,1.0012846922043066,0.1148228006135981,0.4589487230993453,0.1620822833598136,0.4559663600168732,2.01253803416581,2.01253803416581,0.131589411415945,0.5756989629820475,0.0577015590731208,1.2605839643317875,1.3470277951870804,2000
4.0,pac,60004007,0.998472108389238,17.545874822190612,3.6573032151838567,0.9982090277145372,8.279300071335655,0.835447364178047,1.5678046755025232,1.0049825060031596,1.008379511090163,0.814642950399259,0.6914229987650777,0.0114170670879137,0.9361634522503186,0.9353035839922264,0.9353035839922264,0.0657947057079725,0.00220499881736,0.9948734527028622,1.596358643581089,1.024212138458514,1.00021922351277,1.001127877772889,0.104193735980517,0.4519546841164737,0.1794120145830426,0.4167948076686579,2.014130630140119,2.014130630140119,0.137072303558276,0.3845496943838893,0.0578111257820391,1.2277156594108245,1.384498013264135,2000
4.0,pac,60004008,0.9995889270997304,19.852250099561928,3.770671260860191,0.9982654728842278,8.513188833311958,0.8124332831770906,1.0706224144453345,1.0004258429918569,1.002482399617222,0.0527287851279397,0.5087523488774233,0.0282948792989954,0.3881827449806151,1.9478874248112537,1.9478874248112537,0.0328973528539862,0.0001244884197267,0.1465188961976964,6.661989504715496,1.0273332422692203,1.0002168783900305,1.0011540230511793,0.1226145546094099,0.4531490049790396,0.1590323712195235,0.456046958539846,1.999294636701174,1.999294636701174,0.131589411415945,0.6833431309774556,0.057512491491866,1.2959251990387954,1.3812163750779969,2000
4.0,pac,60004009,0.999573915714583,20.880977023390603,3.8414939545655447,0.9985582496853912,9.200958685231685,0.8290516758969072,1.181592937801279,1.0013331917907224,1.01370162862725,0.1927920664605193,0.8017636807733971,0.020110921535608,0.6363987368441548,1.548266565684199,1.548266565684199,0.0603118135656414,0.0003249503650479,0.1933149559784943,3.3456305847777568,1.0279402353015166,1.0001884784575077,1.0012585660009627,0.1135813727208022,0.4585480730460863,0.1211753110347212,0.4318720547727704,2.01295479326172,2.01295479326172,0.126106519273614,0.7165779046350063,0.0536300148770051,1.3362215104929025,1.2267730243053985,2000
4.0,pac,60004010,0.9994121456683108,18.102508572459843,3.667496997526789,0.9989089822149156,8.24300102774923,0.8113706301654443,1.0882430410553563,1.0004354472815835,1.007346755523354,0.0524951753338489,0.6628160192396239,0.0260800457852698,0.4527758473873274,1.843427044986309,1.843427044986309,0.0493460292809793,0.0001490469221317,0.1551092378405351,6.375851485594317,1.0315790386858226,1.0002296484755029,1.0011801645117826,0.1089645629288992,0.4544874132354977,0.2099290521808687,0.447437952021269,2.006302548274257,2.006302548274257,0.137072303558276,0.3610821521330868,0.0591630982724337,1.3039160431616048,1.2892086948320371,2000
4.0,pac,60004011,0.9995405983950268,20.31790184780449,3.797046089888864,0.998924804754318,7.803084675879973,0.8123246508977029,1.0707739531087368,1.0004368027622703,1.0063334988630437,0.0426832091634001,0.6373783985607517,0.0314283232739424,0.3445078086523623,2.0316586893090025,2.0316586893090025,0.0603118135656414,9.46893515879891e-05,0.1615275656553598,6.144321455421995,1.034408408573494,1.0002755778337948,1.0013108145967042,0.1149136660043976,0.4616444232258568,0.2497185706574542,0.4103387573060623,2.0029879549224683,2.0029879549224683,0.1535209799852692,0.3383668817383711,0.0648253681732996,1.1842796570023777,1.4985848020456765,2000
4.0,pac,60004012,0.9995107534397027,19.034987640235787,3.692821401630901,0.9990464684386046,8.125918707110083,0.8400989166758651,1.069087367768084,1.0004194064681715,1.012084230844062,0.0672623680509662,0.7824077483183098,0.0252221447357369,0.4376415690070047,1.9926625249861536,1.9926625249861536,0.0328973528539862,0.0002111572501356,0.1248093937951138,7.4802549978715795,1.0332574557036065,1.0002263024496456,1.0013108145967042,0.1073221483154921,0.4612698776520409,0.2010683710006152,0.466540262327649,1.983416725139318,1.983416725139318,0.126106519273614,0.3932850013601331,0.0587391083181615,1.2669959621061904,1.2750135881329674,2000
4.0,none,60004013,0.999249612464332,19.391645909178003,3.745331455716257,0.9991607507824763,9.565743454012669,0.8120867597455238,1.08078434396877,1.0005375343381964,1.0094064422683728,0.0708345004938634,0.7221749489138454,0.0364873609837756,0.446036739915948,1.111095688767727,1.111095688767727,0.0383802449963173,0.0001516631995817,0.1452268225878409,6.351239664242425,1.03623239674977,1.0001495094259274,1.0012846922043066,0.0801887956770895,0.4599348435605983,0.1386355241275642,0.4465183870796972,2.010422682477482,2.010422682477482,0.126106519273614,0.2731903834786464,0.0477425280066931,1.5883461381017407,1.1665728715055437,2000
4.0,none,60004014,0.9995013889878196,20.87207819804505,3.8143931030090177,0.9993894559034526,9.340275796481215,0.8143184167823371,1.1204291786948364,1.0006797686183095,1.0135307584473816,0.046026464924745,0.8114553584393294,0.0369971700303803,0.3796984130430468,2.0035523211330286,2.0035523211330286,0.0493460292809793,6.605454169714053e-05,0.2441723978121666,4.122342442069803,1.0268133459089552,1.000141289428874,1.0012063021560484,0.0831356336965269,0.4565363992126368,0.1349006010498639,0.4185630304883829,2.0104010782629245,2.0104010782629245,0.1041749507042898,0.2269145564513141,0.046388816700806,1.5799261188482758,1.0804416859266743,2000
4.0,none,60004015,0.9986878439513523,18.43934189115892,3.641995907379156,0.9991089089520376,10.662103558179632,0.8506361056407875,1.5900272562959858,1.0043641212354804,1.0094813570510923,0.7158333849128882,0.7223249185884685,0.0113080593465279,0.9104577441756796,0.9181982222855763,0.9181982222855763,0.0548289214233104,0.0012378158638014,0.7994717010109428,1.751410857343248,1.026985824538091,1.000126445819105,1.001232435985326,0.0760157481303129,0.4574089913923519,0.1493642508575729,0.431643947259625,2.0128737142991824,2.0128737142991824,0.1096578428466208,0.2546479421102409,0.0438751404401647,1.6464601459116708,1.207406601266392,2000
4.0,none,60004016,0.9994576418266624,15.469169719169718,3.4332936224296384,0.9993442396631462,9.611846161141935,0.8453137002776789,1.0943590706858517,1.0005463738640863,1.0007352395560218,0.1077115191716499,0.4329089241002434,0.0205888931117744,0.4685747904361944,1.1336814062862854,1.1336814062862854,0.0438631371386483,0.0003740634819283,0.110760475047176,6.623610186191859,1.0255808552669212,1.0001835137837365,1.0012063021560484,0.0866328392323078,0.4561264960425302,0.1831451106866479,0.4359482890260452,2.012581178751438,2.012581178751438,0.1206236271312829,0.2744089264356042,0.052886063462049,1.3171535005838455,1.0884887864767443,2000
4.0,none,60004017,0.9993637391936656,16.630756302521007,3.5647972145399174,0.9992122485254908,8.75983885962194,0.8112593049420441,1.0768728413771331,1.000604773874026,1.0008923982492914,0.0466330471958884,0.4392354337559587,0.0365019094712645,0.4081182315544472,2.023546020474801,2.023546020474801,0.0712775978503035,6.792078785148925e-05,0.2121280988890722,4.6879497714136,1.0336104663275285,1.0002055467251576,1.0013369331795017,0.0925642457709116,0.4628058766001751,0.169124533268739,0.4268256998026771,2.0071388449589644,2.0071388449589644,0.131589411415945,0.2151782769016708,0.0559820125704764,1.3581433966545051,1.064750540711876,2000
4.0,none,60004018,0.9993033439490446,16.972616632860042,3.54007345222446,0.9992884156050956,9.648633065872293,0.8456740480345696,1.1247374333961504,1.0013205585163096,1.0106262206568852,0.1897631045065177,0.7467834136267735,0.0181516690369796,0.598536173850168,1.0289022753538168,1.0289022753538168,0.0767604899926346,0.0004430520261047,0.1714456339291523,3.4786131967095737,1.0344052595223876,1.0001586282030277,1.0013369331795017,0.0838880545708328,0.4618670757245926,0.1665035796899878,0.4272436131751854,2.00277462153051,2.00277462153051,0.0986920585619587,0.2564679718637429,0.0491652332996837,1.4258802323466115,1.1470066004327335,2000
4.0,none,60004019,0.9993042095323296,16.502790544977017,3.5167320209064235,0.9994582774215992,9.712678097078,0.8397952853396982,1.0694802325401478,1.0004213601454548,1.0103779463087252,0.0473099313840878,0.7435130334224234,0.0263899013462499,0.3901330670358582,1.9649209231032216,1.9649209231032216,0.0548289214233104,0.0001122687755351,0.1527451327848826,6.473162707780999,1.0289940427337068,1.0001948825621003,1.0012846922043066,0.0821128007295855,0.4598455159251777,0.1935374280624776,0.4547096711300465,2.009732554162432,2.009732554162432,0.126106519273614,0.1884982642961387,0.0544995219534497,1.3694319377982105,1.1808265150938797,2000
4.0,none,60004020,0.9994421172141096,17.4914354230901,3.6131664901940974,0.9993491367497944,9.539449712710796,0.840048080901073,1.0693651321174595,1.0004501276772293,1.002274676259552,0.0663899309464534,0.499962556138806,0.0419672084596483,0.4355790028234568,1.9986809490719772,1.9986809490719772,0.0548289214233104,0.0001865834403848,0.144376203159951,6.723503285144146,1.0353975156397457,1.0001532404311084,1.0013369331795017,0.085919800121405,0.4625887581802198,0.1526506530158873,0.4414080336171039,1.9991191012124327,1.9991191012124327,0.126106519273614,0.299419767303224,0.0483165220868106,1.5431426654623888,1.1349302744806449,2000
4.0,none,60004021,0.9992384305735508,16.77124833997344,3.5518452790620296,0.9993373356938688,9.822582997132164,0.8561053830902947,1.0655018138807522,1.0004497008573898,1.0094563888726735,0.0726290512257775,0.7235829109786017,0.0423557943299201,0.418464340191133,1.7075000614841165,1.7075000614841165,0.0986920585619587,0.0001865198627148,0.1344924272771511,7.214349048356021,1.0245980261664631,1.0001740689527014,1.0011801645117826,0.0885994785598961,0.4551748833893036,0.1707902704549323,0.444523811481583,2.0148735450411417,2.0148735450411417,0.1206236271312829,0.2283243112365612,0.0515103530758119,1.3531730697302853,1.1181531024097746,2000
4.0,none,60004022,0.9996169740953532,20.38060008220304,3.750406128677404,0.9994456204011692,9.168708678163576,0.8049265460271016,1.1088184907416665,1.0006490210699468,1.0059011440804315,0.042526487919024,0.6281446644808025,0.0244581147610665,0.3736767441080779,1.9972067022417432,1.9972067022417432,0.0493460292809793,5.923624701171352e-05,0.2353403590444836,4.239184823037473,1.023447958333332,1.000134873437969,1.0011540230511793,0.0835765227616434,0.4540394113959615,0.136345203169491,0.4509121614943839,2.007925212210566,2.007925212210566,0.0932091664196277,0.2705494829734619,0.0453269211621477,1.447368059288633,1.2077518420601658,2000
4.0,none,60004023,0.9996308490471916,18.547389855609037,3.647625279581903,0.9994961588346802,10.109440435945306,0.8429197032735996,1.0851437577893763,1.0005191643049998,1.0115172318159449,0.0711915981650549,0.7612691333413099,0.0342712272924026,0.4913713466520458,1.5749370778174618,1.5749370778174618,0.0548289214233104,0.0001278502439686,0.1372702083285915,6.722856115758471,1.0260183722961962,1.0001539149921643,1.0013108145967042,0.0841484484430743,0.4608105976125847,0.1635526473645977,0.4513922824092831,2.0121414224343703,2.0121414224343703,0.1151407349889519,0.2966306553427899,0.0484216171244631,1.4885890371960575,1.1779853094417392,2000
4.0,none,60004024,0.9993006235286006,17.497067954467056,3.5923790276880334,0.9993449502063652,10.247209736881976,0.8552219479544999,1.113774364745255,1.0004661241491015,1.027817069064698,0.0635639885494083,0.9821915940786334,0.0168782187005453,0.4251765078388901,1.586770531176494,1.586770531176494,0.0822433821349656,0.000140983022766,0.1483521374864018,6.62384683035502,1.0305019563207285,1.000156680065221,1.0012063021560484,0.0829685234911085,0.4562194642108839,0.1587153494148414,0.4263313871714591,1.991738809273132,1.991738809273132,0.0986920585619587,0.2793695023921324,0.0488552357396103,1.528719421298305,1.1330151646486493,2000
8.0,pac,60004025,0.9995167051372732,18.56646560994997,3.733686782203225,0.9988106415487586,8.599737760343295,0.7782887852812382,1.096139856107485,1.000485467708518,1.005987058367407,0.0838458313443933,0.6466818377951845,0.0242867028702019,0.5600700466412197,1.2269104710586924,1.2269104710586924,0.0358973528539862,0.0001599490905533,0.1232861845088123,6.306768161136383,1.0311925313799222,1.0002162807336803,1.001189169508626,0.1094613491422527,0.4605170476207912,0.1952475325933706,0.4935475927611911,2.000502509523956,2.000502509523956,0.1316236271312829,0.3329463064640103,0.0600042385336333,1.248798374029697,1.3419543783324852,4000
8.0,pac,60004026,0.999685540128853,20.501573543827064,3.841451232364504,0.9988088260080956,8.561000064687237,0.7812020913727361,1.0764033161055728,1.0002819200073854,1.009604649410638,0.0619755754582075,0.7495965027133195,0.0210098044961369,0.4540165629006938,1.0195438051055097,1.0195438051055097,0.0329059067828207,0.0001626910219956,0.0949318784112065,8.8980258292616,1.0270263078287538,1.000162188590555,1.0011652336008283,0.108136868997546,0.4589085560616989,0.1459009772243613,0.5009907173105704,1.9994520332935015,1.9994520332935015,0.137606519273614,0.5374414001778731,0.0519552994273258,1.35981499179183,1.2671498040801348,4000
8.0,pac,60004027,0.9995647231763768,18.636924361174238,3.714210484246375,0.9990448782841636,8.774157610179673,0.805642850250263,1.0510208980853184,1.0002282378953888,1.0082818453723157,0.0490878320545422,0.711599819692569,0.0243572104118107,0.451744618635253,1.890236356181837,1.890236356181837,0.0299144607116552,0.0001421606728681,0.1009851089370579,9.328783465687774,1.0281958539223095,1.0002061540073468,1.0011053780922934,0.1137217836485453,0.4556297289068551,0.1917821490777314,0.4988286484341525,1.9913817597644616,1.9913817597644616,0.1316236271312829,0.4338491574062297,0.0585747694160264,1.2529432274039174,1.2495606909962946,4000
8.0,pac,60004028,0.9992794299938524,16.77048625792812,3.641743555938152,0.998731444062604,8.675387914997922,0.7942766988575228,1.1403270486763204,1.0011435093455046,1.0042237200548974,0.2173753465315014,0.5875122404867513,0.0186537630079582,0.6381496486424808,0.9933783058818628,0.9933783058818628,0.0418802449963173,0.0004558517375172,0.1907825167327367,3.291835658986032,1.028013663780858,1.0002142811523924,1.0011053780922934,0.1193409077466961,0.4568108203929109,0.1881619818921657,0.4868591629233638,2.0016230301514275,2.0016230301514275,0.1256407349889519,0.5899583585093751,0.0597123904746242,1.2258160611039992,1.3606293969673018,4000
8.0,pac,60004029,0.9995200088459104,18.74949323528025,3.752680767811905,0.9988754133955228,8.501807409308693,0.7637735054980515,1.0961304185821314,1.0004682184744371,1.002155566222659,0.0887334077185368,0.5053525496855501,0.0195126820982074,0.5444566120859292,1.6239069075022003,1.6239069075022003,0.0418802449963173,0.000188943969715,0.1148187594938733,6.265018227826007,1.0260092144604749,1.0001951181447415,1.0010574774861674,0.1129649682604375,0.4541181404423422,0.1644023310890691,0.4910860371240705,1.997014995363203,1.997014995363203,0.1166663967754553,0.4466324984947091,0.0569878670295818,1.268859091239414,1.3543888140173708,4000
8.0,pac,60004030,0.9994905997008204,18.216068112857208,3.702526486292923,0.999070655063936,9.152808605087928,0.7747876909184983,1.080236584282583,1.0004045970618234,1.00124899355028,0.0869876628672631,0.4641793544368789,0.0221234582224679,0.5272474885860963,1.5110887255843042,1.5110887255843042,0.0478631371386483,0.0002171820581607,0.0995969795158965,6.771917681480814,1.0305134650205008,1.0001879676964185,1.001189169508626,0.1120792208846795,0.4610857099663122,0.1571764492167863,0.5040917273137887,1.9966067199643565,1.9966067199643565,0.1226492889177863,0.426015103478052,0.0559321857984855,1.2976163259873326,1.268675510453605,4000
8.0,pac,60004031,0.9994282475663072,17.149087481792478,3.661637613344764,0.9988552467648548,8.914887690525003,0.7898347906948943,1.150225233906115,1.0007795467424232,1.013198982161064,0.1657325747610958,0.8257746178139412,0.0224797365574479,0.5913994092371726,1.1430130841831951,1.1430130841831951,0.0598289214233104,0.0003599666059734,0.1506688366059851,4.062947374054472,1.028572112989346,1.0002014325648807,1.0011173509933884,0.109896934112316,0.4571402244620964,0.1883822274142065,0.4777168845465486,1.997136468801459,1.997136468801459,0.137606519273614,0.5300340817555613,0.0578965592616018,1.237812884989677,1.3816755830056422,4000
8.0,pac,60004032,0.9991780269158824,17.80404775642448,3.700898711061968,0.9986126090671104,8.82287826938524,0.8053080963089778,1.267834685828929,1.0018533286444524,1.007823190895486,0.3430624778131623,0.7021539074622419,0.0170051942899967,0.707240499305272,0.8996908214895302,0.8996908214895302,0.0299144607116552,0.0006235326429158,0.3074599821596568,2.6993731485773904,1.0304449315539674,1.000189358086986,1.0010814295899004,0.1087352729772321,0.4547671213376421,0.1728315285966708,0.4921191789206163,1.9944339723021327,1.9944339723021327,0.1286321810601174,0.4084977816945428,0.0561295093809742,1.3355086184885068,1.2962779663516049,4000
8.0,pac,60004033,0.9996119528535234,17.858529385454872,3.685770220054193,0.998915971519843,8.640823795653633,0.8012617699858967,1.0844342301082834,1.0003369353495584,1.002974204232945,0.0823082937994324,0.5380888400066968,0.0190725931654152,0.5167147430344344,1.5867225280531458,1.5867225280531458,0.0299144607116552,0.0002612428315127,0.0920390672196669,7.827473876300371,1.0285624562316642,1.0002040193651716,1.0011053780922934,0.1128205959445844,0.4568580647570799,0.175183425556922,0.5070908051435703,1.9922046538893905,1.9922046538893905,0.1166663967754553,0.4888813281119367,0.0582613044562302,1.2549701881119943,1.3979848164435686,4000
8.0,pac,60004034,0.9996098774008272,20.05737083985657,3.840634729209834,0.9989932320021344,8.979683717562951,0.7851242440062542,1.106491285103934,1.0005364283025442,1.0057778710965952,0.1009366901273542,0.6399575152980947,0.0257960271551716,0.5447716634799622,1.1741038513972726,1.1741038513972726,0.0418802449963173,0.0002133450250938,0.1160470841924751,5.446367830369223,1.0297160061815738,1.0001831529678502,1.0010934042911843,0.1100169620984782,0.4556223619153911,0.1688308433822108,0.4835235548643483,1.9973825028472576,1.9973825028472576,0.137606519273614,0.479641488961861,0.0552107809303504,1.3256120187980192,1.2876882256360926,4000
8.0,pac,60004035,0.9995967355744754,20.45922104720145,3.866813423444941,0.9987208956502892,8.406799618118171,0.7860658859169305,1.1731555742514508,1.0009642786707285,1.0064046198875762,0.1778155344489035,0.6543843924301265,0.0238427002770235,0.6284215708247927,0.961044795055292,0.961044795055292,0.0358973528539862,0.0002538516923696,0.197881375460173,3.3843694150566264,1.031605446475724,1.0002050966368776,1.0011293229946292,0.1124861829462952,0.4580162073577473,0.1794292733088005,0.5068739454089422,1.985699870117338,1.985699870117338,0.137606519273614,0.4919030386471335,0.0584298938621482,1.2791732536129126,1.4250613793385971,4000
8.0,pac,60004036,0.999621906393037,18.80988503580852,3.7461856506308857,0.998958364632473,8.727407958348829,0.7841015308478078,1.0807640806678736,1.0003956803997478,1.0032934035360628,0.0821947128392669,0.5508104461341055,0.0235752458093959,0.502661619977416,1.088785125163462,1.088785125163462,0.0388887989251517,0.0001744932222241,0.1124766681415607,7.088085097946872,1.0276196966677025,1.0002131569698658,1.0010215425752482,0.1142576289493976,0.4522613613671802,0.1922198921202282,0.4914316387691519,2.0023213710678167,2.0023213710678167,0.137606519273614,0.4617797452700903,0.0595709932945207,1.1739396144397405,1.4874972470526795,4000
8.0,none,60004037,0.9992071670101442,15.885919917292934,3.55384379582433,0.999229676464115,10.055851298121093,0.8076336534293975,1.2178539633821444,1.0012157564879924,1.001380527437688,0.2390079903353161,0.4649486986484018,0.0184164913913071,0.6691097859842023,1.3365171902207034,1.3365171902207034,0.0478631371386483,0.0003509103692163,0.2452759744924517,3.042191055805414,1.0297065204369602,1.0001515189090358,1.0010934042911843,0.0855401412894402,0.4558393652060512,0.1630938848835903,0.4947343409749342,1.994143938165287,1.994143938165287,0.1047006124907932,0.2548242330854685,0.0501946920535269,1.4346881047073017,1.0519977840430728,4000
8.0,none,60004038,0.9994492807309996,17.355032377031606,3.646130296664689,0.9993319750571094,10.245455235973264,0.8371211141807786,1.1274618169289197,1.0011286645896365,1.0040945053938397,0.2100374432537857,0.583369034048806,0.0155138321640116,0.627096915873465,0.9290664655245756,0.9290664655245756,0.0418802449963173,0.0004969260820576,0.1841729217820877,3.275593051739659,1.0249299495649973,1.0001264645386017,1.0011173509933884,0.0820903362753274,0.457446604815548,0.1397606909624133,0.4821247299732134,1.9976411950070077,1.9976411950070077,0.1136749507042898,0.3207626413100593,0.0458592261573967,1.5183756682216634,1.0477075956588808,4000
8.0,none,60004039,0.9994842792366336,17.091555896387185,3.620656779297521,0.999420748417958,10.365836326520066,0.799346669707833,1.0781700814019188,1.0003069659101282,1.005626622213186,0.0728019110779558,0.6274189824867445,0.0213578462633207,0.5032266879994112,1.1205461059065416,1.1205461059065416,0.0299144607116552,0.0001989643018928,0.0938005074518317,8.531326789402854,1.0271541936847026,1.0001527065750475,1.0011053780922934,0.0861591660619826,0.4563307724602219,0.1651223565781012,0.4830291430062544,1.9959776797492748,1.9959776797492748,0.1286321810601174,0.2435354829736531,0.0503942818379711,1.4271923626590513,1.0909582594101332,4000
8.0,none,60004040,0.9986696395392048,17.762194315928618,3.682002227547989,0.9990437260002476,9.896777676884188,0.8109624650254277,1.3686429072576098,1.002059517654596,1.0006017015497914,0.5390585505682504,0.4247851540638274,0.0150902900142649,0.8329537576813065,0.909194771631984,0.909194771631984,0.0508545832098138,0.0006568025327097,0.603656076200376,2.013158458764762,1.0265167375537945,1.0001597547277472,1.0010694539882814,0.083595640151087,0.4544853981504988,0.1676276458571814,0.4866463348100269,2.0013392831392536,2.0013392831392536,0.1136749507042898,0.1863599723701913,0.0515459099529114,1.3773316861971288,1.0698248361047036,4000
8.0,none,60004041,0.999498157413788,16.435644783840374,3.5707732543672908,0.9993970398777602,10.213112035312427,0.8144585422263906,1.0529873127192797,1.0002676468294711,1.0064856869571994,0.0579263567046366,0.6593408309487392,0.0277580005776904,0.4596522865335276,1.9710309155903576,1.9710309155903576,0.0358973528539862,0.0001673775987515,0.1142403913703236,8.24178101099989,1.0298743643466874,1.0001435281299236,1.001189169508626,0.0876980320645194,0.4611677209954486,0.1650246985971765,0.4842427422921304,2.00015991665046,2.00015991665046,0.1226492889177863,0.2800124209473743,0.0488447134218879,1.4746063053906096,1.0469065706441825,4000
8.0,none,60004042,0.9993856834271873,17.302909766959228,3.633093213863959,0.9992445903931876,9.905988513145516,0.8249136991392737,1.0965319235719213,1.0005081650374417,1.0028913448078611,0.0917708059138898,0.5376117937065142,0.0243681787196694,0.5323669347529563,1.5668746387220955,1.5668746387220955,0.0388887989251517,0.0001933157688666,0.1253543385481932,5.941367141636004,1.0283883173189772,1.0001435051755276,1.0010335217798112,0.0802598397043558,0.4526170337457059,0.1589552605387689,0.4973531639305183,1.995883078856873,1.995883078856873,0.1196578428466208,0.2486595799323728,0.0488456672989971,1.443431102917696,1.096088559672599,4000
8.0,none,60004043,0.9994436470334191,17.041323745993243,3.6267662269335217,0.9993496513267368,10.375423650582231,0.8162531211279885,1.103108941997401,1.000474304066674,1.0054402744207196,0.1020768773193076,0.6270400692366791,0.0241560663007326,0.5362281359639691,1.0709088802169793,1.0709088802169793,0.0269230146404896,0.0002366480115463,0.1114276344940721,5.942492873255132,1.0318232670156835,1.0001463427552348,1.0012131018208494,0.0834886431969815,0.4623947789756553,0.1581844899294409,0.4887985421974877,1.993525294014291,1.993525294014291,0.1047006124907932,0.2297321547014043,0.049328140131342,1.5273326988861142,1.055663306676517,4000
8.0,none,60004044,0.9995248289260392,17.92123713170039,3.6971112508587862,0.9992068107853934,9.67782878099644,0.8140337625864215,1.129495231859042,1.0007386250683734,1.0047161303677925,0.1304061935287654,0.6051133688370564,0.0407866816440515,0.5868421173222294,0.9137093648707476,0.9137093648707476,0.0658118135656414,0.0002444469517745,0.1548912297254648,4.354981219878805,1.0287834175850257,1.0001352266640915,1.0011652336008283,0.0793136045171141,0.4568781184724987,0.1498564227371015,0.5002493118076775,1.99460097553818,1.99460097553818,0.1017091664196277,0.2384844802931434,0.0474234694181314,1.5463656803743897,1.085640381920698,4000
8.0,none,60004045,0.9988406115773928,16.63810039124282,3.619116941066383,0.9989730417204924,10.005005005005003,0.8181347765844899,1.4439528854580548,1.0031130386377165,1.0065551405991249,0.6018633899731037,0.6627521244257709,0.0133475112308083,0.8379754668454451,0.6640360288560936,0.6640360288560936,0.0448716910674828,0.0010106665928374,0.633754290583622,2.166921091559186,1.0292394086942105,1.0001458093383393,1.0011053780922934,0.0794385070341022,0.4565824680912707,0.1609598878574819,0.4947100881654736,1.9914331714499616,1.9914331714499616,0.1226492889177863,0.2351824303557408,0.0492411586221804,1.447648923494925,1.0863854702184286,4000
8.0,none,60004046,0.999182229094802,18.18782985249673,3.6870978812019546,0.999313568058364,10.354444030760936,0.8216295465675987,1.5253257476195312,1.0033419762968985,1.0101488794231217,0.7795638716955949,0.7614973845678696,0.0099885683775703,0.9635154044793356,0.882629574636499,0.882629574636499,0.0418802449963173,0.0013812245713737,1.1377466331041917,1.450978845081932,1.0278337932512538,1.000121858096536,1.001153264298189,0.0764936413280448,0.4591702435392714,0.1500316766862022,0.477348583248715,1.9956569290918944,1.9956569290918944,0.1076920585619587,0.2528143951789534,0.0450026128728316,1.587362153355468,1.051229114851118,4000
8.0,none,60004047,0.9993792338958,17.41043687237147,3.660454846074612,0.999267151126986,10.136624311256044,0.8226513026110482,1.2255774112709643,1.0013497121608987,1.0088875688547765,0.3149352131961264,0.7290100829381868,0.0179150507525122,0.6885746328925754,1.0273909146847302,1.0273909146847302,0.0388887989251517,0.0005038731721252,0.2950863107070459,2.9643288713900984,1.0318291309508063,1.0001276488632729,1.0011293229946292,0.0794153768732709,0.4575195362195072,0.1506091239975877,0.4755261657376183,1.992160486816072,1.992160486816072,0.1106835046331243,0.2538495541428753,0.0460655043309052,1.5495271057322826,1.0651207952394013,4000
8.0,none,60004048,0.9991993185689948,16.751162790697673,3.606729793011255,0.9992260890727672,9.886038308272036,0.7891146698586664,1.3976905470036474,1.0022473943366832,1.0095705744422394,0.496014318573857,0.7470911993068733,0.0127875275068294,0.8287077498731388,0.9537185730751664,0.9537185730751664,0.0508545832098138,0.0006069354015379,0.5616515005656547,2.11402281777104,1.0284067311443714,1.000156206274195,1.0010814295899004,0.0866348017975628,0.4550892361397033,0.1675029742106908,0.4946760274606795,1.9984658503816972,1.9984658503816972,0.1196578428466208,0.2383423179941753,0.0509656712109843,1.3820161306817278,1.0319573632478636,4000
