window_s,kind,seed,DET,L,Lmax,ENTR,LAM,TT,RTE,independence_ratio,points
0.5,pac,8000001,0.9987146529562982,20.44736842105263,248.0,3.1983955390148058,0.9791131105398456,4.303672316384181,0.915223980568013,2.562988932785641,250
0.5,pac,8000002,1.0,18.92207792207792,248.0,2.849722142847786,0.9982841455044612,3.99039780521262,0.889382275175561,1.8303939295135907,250
0.5,pac,8000003,0.998730964467005,21.86111111111111,248.0,3.1366350095236943,0.9977791878172588,4.551374819102749,0.9210853895675218,1.9171294313353704,250
0.5,pac,8000004,0.9993502274204028,23.303030303030305,248.0,2.9693721417195094,0.99772579597141,4.702909647779479,0.9446078036019756,2.329024293521873,250
0.5,pac,8000005,0.9986807387862796,16.822222222222223,248.0,2.843192261790753,0.9934036939313984,4.735849056603773,0.9219821282614936,2.0386371034929303,250
0.5,pac,8000006,0.9987121699935608,19.3875,248.0,3.090955699137868,0.981970379909852,4.538690476190476,0.9213918115025088,1.8471092104587248,250
0.5,pac,8000007,0.9993489583333334,18.950617283950617,248.0,3.1391934388788254,0.9671223958333334,4.7536,0.9120239142130602,3.0016564948453603,250
0.5,pac,8000008,0.9993564993564994,21.273972602739725,248.0,3.0728103436619034,0.9945302445302444,4.592867756315007,0.9288283663276736,2.784667365338598,250
0.5,pac,8000009,1.0,24.774193548387096,248.0,3.1150352497105334,0.998046875,4.502202643171806,0.9099989762415236,2.33969006147541,250
0.5,pac,8000010,0.9993556701030928,19.3875,248.0,2.8849658950125976,0.9864690721649484,4.625377643504532,0.9071189892292776,1.8713730353751257,250
0.5,pac,8000011,0.9986522911051212,17.642857142857142,248.0,2.738659662623961,0.9973045822102424,4.532924961715161,0.9295964679055284,1.2099318965925436,250
0.5,pac,8000012,0.998678996036988,26.526315789473685,248.0,3.1298774787278294,0.9960369881109644,3.9322033898305087,0.9130336612781378,1.726373536709727,250
0.5,none,8000013,0.9987179487179488,22.257142857142856,248.0,2.763277085048465,0.9993589743589744,5.31175468483816,0.9635013749283317,2.240847312858336,250
0.5,none,8000014,1.0,25.716666666666665,248.0,3.2420688395884523,0.9977316915100454,4.6023916292974585,0.944502013930512,2.3012047773970257,250
0.5,none,8000015,0.9993552546744036,24.21875,248.0,3.06857302551403,0.9848484848484848,4.92741935483871,0.9282103382935464,1.5442261470232648,250
0.5,none,8000016,0.9993429697766096,22.043478260869566,248.0,3.179380418701036,0.9921156373193168,4.247538677918425,0.9139349740771286,2.1724269855525926,250
0.5,none,8000017,0.9960604070912672,19.44871794871795,248.0,2.793554815225712,0.9970453053184504,4.519345238095238,0.9190837060879608,2.3310631842919785,250
0.5,none,8000018,0.9935897435897436,25.40983606557377,198.0,2.900667368855794,0.9935897435897436,5.024311183144246,0.9552135076961634,2.378510986276044,250
0.5,none,8000019,1.0,32.87234042553192,248.0,3.145579162061966,0.9983818770226536,4.583952451708766,0.9222354059987228,3.590425535252334,250
0.5,none,8000020,0.999348109517601,23.584615384615383,248.0,3.229263062223873,0.9980443285528032,3.976623376623377,0.918461757205621,1.5146648118580923,250
0.5,none,8000021,0.9987096774193548,25.37704918032787,248.0,2.7485519936122884,0.9983870967741936,5.281569965870308,0.9607140795408988,2.175611750592552,250
0.5,none,8000022,0.998681608437706,26.57894736842105,248.0,2.875484139147212,0.998681608437706,4.894991922455573,0.9378756468387291,2.062205526876434,250
0.5,none,8000023,1.0,16.333333333333332,248.0,2.6970739643102792,0.9987244897959184,4.767123287671233,0.9486420299459832,1.724830264040781,250
0.5,none,8000024,0.9986850756081526,17.45977011494253,248.0,2.8211236562960744,0.9986850756081526,4.6452599388379205,0.9401595434307513,2.3281740311244024,250
1.0,pac,8000025,0.999190414507772,19.52848101265823,264.0,3.499690474471193,0.9898801813471504,5.75930287329251,0.8022577736326449,2.2182290225441523,500
1.0,pac,8000026,0.9991843393148452,22.354014598540147,498.0,3.5527589830616506,0.998531810766721,6.217369222955815,0.9081465188149362,1.729632620219846,500
1.0,pac,8000027,0.9995131450827652,21.09246575342466,498.0,3.4992102449379403,0.9987828627069132,6.36124031007752,0.8496895244297356,1.872286758848429,500
1.0,pac,8000028,0.9991909385113268,27.08333333333333,415.0,3.752201640367874,0.9924757281553398,6.811215991116047,0.8810015132162315,1.5160749896375163,500
1.0,pac,8000029,0.9983958934873276,19.696202531645568,498.0,3.3880159742284404,0.997433429579724,5.916270218839201,0.8984787094607756,1.531946451761619,500
1.0,pac,8000030,0.9995165189363416,23.945945945945947,498.0,3.5884945008536286,0.9962127316680096,5.379895561357702,0.8247440176510112,1.9400445278049336,500
1.0,pac,8000031,0.999189364461738,21.39930555555556,492.0,3.5651984561164904,0.9968385214007782,6.142357642357642,0.9008366580795816,1.9205585135530825,500
1.0,pac,8000032,0.9988765848178462,19.389408099688477,498.0,3.444978759791853,0.9981543893436046,5.926155312053359,0.8280017413738915,1.8976750672405829,500
1.0,pac,8000033,0.9990339719851876,20.21172638436482,498.0,3.5289381182474417,0.9922717758815006,5.656723267553923,0.8596143480126079,2.064719512989844,500
1.0,pac,8000034,0.9980452842482488,19.70096463022508,498.0,3.4859987943862016,0.9963349079654666,5.626954921803128,0.8500517831747658,1.938848786628997,500
1.0,pac,8000035,0.9991965290053028,17.368715083798882,498.0,3.336545561036867,0.9942150088381808,6.153157633018399,0.895657550308388,1.7880495770613256,500
1.0,pac,8000036,0.9988656619672662,18.7355623100304,487.0,3.4097995109574044,0.99246475449684,5.78328611898017,0.8717527695426459,1.9065491717912304,500
1.0,none,8000037,0.999677731227844,17.982608695652175,498.0,3.193886449826763,0.999355462455688,7.605150214592275,0.9314751709992056,1.579675327098183,500
1.0,none,8000038,0.999361634216406,18.15072463768116,498.0,3.263835593117816,0.999042451324609,6.778559826746075,0.8734945973934047,1.774903080295762,500
1.0,none,8000039,0.9996705649810574,22.06909090909091,498.0,3.338838097028784,0.9992587712073794,6.949026345933563,0.9101125003046802,1.287684098924543,500
1.0,none,8000040,0.9998380304502752,26.046413502109704,498.0,3.521491918756647,0.999271137026239,6.951549295774648,0.9118764557671848,1.4724786905571026,500
1.0,none,8000041,0.9977589242836562,15.390123456790125,498.0,3.186808932494805,0.9987193853049464,6.633705475810739,0.9045329422561482,1.355625269733299,500
1.0,none,8000042,0.995507781164768,22.563636363636363,291.0,3.5174564720311747,0.9963901812931172,6.2827516439049065,0.898952147487465,1.5396332837676407,500
1.0,none,8000043,0.9995133819951338,20.747474747474747,498.0,3.363930663843956,0.9992700729927008,6.707131192161132,0.8852863214185867,1.5243405006088804,500
1.0,none,8000044,0.9990313206328704,31.89690721649485,498.0,3.664379102512685,0.9991927671940588,6.838674033149172,0.9146902952250218,1.6883325881972944,500
1.0,none,8000045,0.999209985779744,16.90909090909091,451.0,3.299890657909489,0.9974719544951808,5.969739952718676,0.913184321930614,1.5473550613665592,500
1.0,none,8000046,0.9993534831097464,21.46875,498.0,3.60080272417505,0.9968482301600128,5.982056256062076,0.8750311676657195,1.2669540746638877,500
1.0,none,8000047,0.999194198227236,18.075801749271136,498.0,3.344293828155396,0.9983883964544722,6.020408163265306,0.908689910976547,1.698080802590469,500
1.0,none,8000048,0.9983876168977748,16.512,498.0,3.177858533467218,0.9992744276039988,6.703623580313683,0.8924941479879659,1.540072077993866,500
2.0,pac,8000049,0.9994863081360889,18.092989985693848,998.0,3.509330059607678,0.999209704824752,8.387064676616916,0.8783641724536871,1.30252311968819,1000
2.0,pac,8000050,0.9995609483515606,17.488128491620113,998.0,3.5160191357295787,0.9987028019477928,7.703663793103448,0.8317902768145571,1.313763135501879,1000
2.0,pac,8000051,0.999563872809452,18.74423791821561,998.0,3.6215722582687486,0.9968083419237174,7.354541465555068,0.8907671491830939,1.3750086461677231,1000
2.0,pac,8000052,0.9992390869042852,17.595909732016924,998.0,3.5948963879699773,0.9968161794152984,8.42745894701202,0.8663647151276156,1.4771539392984427,1000
2.0,pac,8000053,0.9983970505730544,16.833783783783783,855.0,3.554394556968136,0.9973751703133766,7.725748874747788,0.8697556572163656,1.4536602593967016,1000
2.0,pac,8000054,0.9995618402708624,23.321561338289964,509.0,3.86785134607794,0.9972515435172276,7.169530355097366,0.8017117027413465,1.55465140951179,1000
2.0,pac,8000055,0.9992493975427644,17.800140745953552,998.0,3.579836938796046,0.9985580531742584,7.339285714285714,0.8795882583545895,1.3287643524544523,1000
2.0,pac,8000056,0.9996846172041316,20.43352135374698,998.0,3.6890021780917257,0.9988370259402348,7.357775519093945,0.8563954432290094,1.4825019092435696,1000
2.0,pac,8000057,0.9996067172690448,23.534259259259255,998.0,3.8497501127323055,0.9985448538954654,7.675332527206772,0.8192969177957383,1.5725482468033771,1000
2.0,pac,8000058,0.9989645971884832,21.513722126929675,614.0,3.815378124237509,0.998008840747083,7.683887781695539,0.824444299670783,1.4642586911844242,1000
2.0,pac,8000059,0.9992341797662232,21.746491228070177,839.0,3.761726376467265,0.9974808544941556,8.179639728970418,0.8760812224071342,1.3004619994667062,1000
2.0,pac,8000060,0.9993654822335024,19.74921630094044,998.0,3.6395690917245673,0.9980171319796954,8.260626948957821,0.8398959562066652,1.2592824305118602,1000
2.0,none,8000061,0.9985320372941876,14.581691772885284,942.0,3.337601530624043,0.9988891093037096,8.10070785070785,0.8734274319197004,1.2000886785652918,1000
2.0,none,8000062,0.9996798206995918,18.78045112781955,998.0,3.5373738460726982,0.9991995517489796,7.976357827476038,0.8877377968166883,1.3202468734441677,1000
2.0,none,8000063,0.9993250754327456,19.011329305135952,998.0,3.5689257779791475,0.9993250754327456,8.855233069481091,0.8867317863054649,1.313151485877185,1000
2.0,none,8000064,0.9994021284228148,20.40195280716029,998.0,3.6288948413293673,0.9993024831599506,8.809381588193956,0.8644448768478599,1.174905240746615,1000
2.0,none,8000065,0.9995956818825052,19.7784,998.0,3.635885981208689,0.9990094206121376,7.909250960307299,0.8666103341776359,1.2951326869265043,1000
2.0,none,8000066,0.999278586028616,17.33866481223922,998.0,3.456647320285368,0.99909823253577,7.812127859605139,0.8938457525213306,1.1844269766125617,1000
2.0,none,8000067,0.9988738738738738,16.148244473342004,998.0,3.446673836085127,0.998069498069498,7.612269938650306,0.876720058482613,1.3720479665317844,1000
2.0,none,8000068,0.9993933020546836,17.996358339402768,998.0,3.560693480025666,0.9991506228765572,7.833518312985571,0.8714238087253091,1.2502627850104566,1000
2.0,none,8000069,0.9992883687831108,17.089925625422584,998.0,3.444114817005486,0.9988337155056536,7.879151723062529,0.8448170448360367,1.271358993964893,1000
2.0,none,8000070,0.9988434234665392,16.41218872870249,771.0,3.498083299901155,0.9983050171492382,8.141649048625792,0.9056442275726528,1.178257682562864,1000
2.0,none,8000071,0.999483204134367,17.780763790664782,998.0,3.5295228730980304,0.999582587954681,8.143967611336032,0.8610603008999398,1.2498142515609134,1000
2.0,none,8000072,0.9995172580255852,21.127551020408163,676.0,3.714928890014962,0.9990747445490386,8.492049923063771,0.8719242876610935,1.4150977986557385,1000
4.0,pac,8000073,0.9994971753083498,17.164917033525228,1998.0,3.601834601612551,0.9985309631557672,8.309648834919592,0.8318340469085467,1.340754462552228,2000
4.0,pac,8000074,0.9990883958740004,17.925155555555556,1998.0,3.685391415975584,0.9972156439195012,8.588129880104109,0.782935830043011,1.3612528750162227,2000
4.0,pac,8000075,0.999630188603812,19.032159847764035,1998.0,3.71736705193933,0.9985607340256468,8.558810931208772,0.8057183375252333,1.2041891478462918,2000
4.0,pac,8000076,0.999496475327291,19.622380387504943,1998.0,3.75306323162329,0.998826787512588,8.082426761194638,0.8097417136198292,1.3474909750476058,2000
4.0,pac,8000077,0.9993782840640166,18.21308479532164,1998.0,3.651969605387922,0.999092495286992,9.05347569286688,0.8350755614574393,1.0872261529986529,2000
4.0,pac,8000078,0.999510210609438,19.649046964040085,1998.0,3.774604611555018,0.9982557500274882,7.643679920401056,0.8099885123011669,1.6181208282024384,2000
4.0,pac,8000079,0.9995597138139792,19.11057968241821,1998.0,3.73186292640872,0.998293891029169,8.485179672549437,0.8265111450439023,1.296501133270307,2000
4.0,pac,8000080,0.999498746867168,20.108914885034288,1404.0,3.793733874505707,0.998561403508772,8.432653233999323,0.8066039511315404,1.3313275978234136,2000
4.0,pac,8000081,0.9994128841559704,20.112039111835404,1998.0,3.765125158987926,0.9986283759161032,8.31563198044422,0.8096990168410455,1.4588710365343671,2000
4.0,pac,8000082,0.99964655390053,23.16097332709406,1998.0,3.933978681071992,0.9990456955314314,8.303021401594629,0.7998028227158225,1.3018176195681652,2000
4.0,pac,8000083,0.9994644663506356,21.12345420247328,1998.0,3.843099199193083,0.9986760418112938,8.116099133588556,0.8033017427535512,1.3487203357799429,2000
4.0,pac,8000084,0.9987943043335292,17.17840616966581,1170.0,3.62943748369972,0.998854090895503,8.992733470889029,0.8414290131135128,1.2425906899085126,2000
4.0,none,8000085,0.9994340297084756,17.34533861795623,1998.0,3.5812379088349084,0.999215585034554,9.180167852581643,0.8506566763815313,1.0786923065943004,2000
4.0,none,8000086,0.999501002984002,18.70582741875233,1998.0,3.6814597190590166,0.9993562938493628,9.48531779861703,0.8591938224685933,1.16189828067374,2000
4.0,none,8000087,0.999466473389102,18.413575667655785,1913.0,3.6662175756893225,0.9990940114154562,9.02509775393289,0.8463963669174703,1.1196034740550749,2000
4.0,none,8000088,0.9992092408712364,15.802596169067597,1935.0,3.501825569338144,0.9988939381806534,9.745934860100592,0.8640105210205089,1.1445300235687514,2000
4.0,none,8000089,0.9992263405909954,15.823389021479713,1998.0,3.4773098515982426,0.9989249148472272,9.34135112280372,0.8597442142316204,1.126314145889975,2000
4.0,none,8000090,0.999520866742285,18.05351465913105,1998.0,3.6256439803625535,0.99931552391755,9.316134913400182,0.8528451573182916,1.1266058041377112,2000
4.0,none,8000091,0.9992996778518118,15.104188719189477,1998.0,3.42388731135833,0.9993246893571044,9.713278553021832,0.8527992625235216,1.056828076323656,2000
4.0,none,8000092,0.9995829278465176,18.25866134590967,1998.0,3.62619278937414,0.9994587992294096,10.150010084711576,0.858959888158831,1.118465738944995,2000
4.0,none,8000093,0.9993083277340816,16.474018569799643,1998.0,3.530734434972244,0.9985524287577566,8.873644465908592,0.8359432390229158,1.1385836175675044,2000
4.0,none,8000094,0.9992443450161572,15.980124026077275,1998.0,3.506799284344251,0.9993934874471788,9.860113792426915,0.8708816845177794,1.110123429532589,2000
4.0,none,8000095,0.9992670146696118,17.13075224995755,1998.0,3.5615907489967613,0.9993908297592043,9.77953862556945,0.8331092006026003,1.180547544629186,2000
4.0,none,8000096,0.9992227514598322,17.02478777589134,1998.0,3.5947700938394496,0.9991828925603364,9.40373253305824,0.8422024245919664,1.1293873127092378,2000
8.0,pac,8000097,0.9995688655364724,19.679191899136303,3998.0,3.789963968440784,0.9990999122603548,9.10789845662342,0.80058831251924,1.2709982992978448,4000
8.0,pac,8000098,0.9994898708253392,18.86939772620502,3998.0,3.7685971923927135,0.9987719573283168,8.469413378349863,0.779034428127179,1.3871419688356614,4000
8.0,pac,8000099,0.998085258490104,17.87403196203948,1653.0,3.689575547968275,0.9984252125962996,8.737836891844593,0.8067372492023756,1.2179929813322152,4000
8.0,pac,8000100,0.9986212587806694,18.20214619829405,3149.0,3.719330275991015,0.9985294265644185,8.63927164283071,0.7872523986150917,1.265525131042059,4000
8.0,pac,8000101,0.9992787837648984,18.672091396595945,2358.0,3.7661664789203577,0.9985076563716584,8.463632613776984,0.7916538900719984,1.3778397786953165,4000
8.0,pac,8000102,0.9989374445541528,18.745955605718585,2698.0,3.756896893341497,0.9988284323798736,9.141525229357798,0.8138420815368764,1.2178897584481836,4000
8.0,pac,8000103,0.9992683189444216,18.014337391918122,1651.0,3.730813949691993,0.9988413010708482,8.487456203279166,0.7675424172487436,1.303143293574931,4000
8.0,pac,8000104,0.9989048667917542,18.97684685107782,2194.0,3.775442499336725,0.9985550669069532,8.481077108813185,0.7848332004157726,1.3667536535432172,4000
8.0,pac,8000105,0.9995359896462988,18.46420794143539,3998.0,3.729713015801276,0.9988625475924132,8.956560363440087,0.7899267683633018,1.2037280195311446,4000
8.0,pac,8000106,0.999607693236229,19.05979381443299,3443.0,3.7547315768711775,0.9988746328411056,8.821189037931953,0.8045602001016482,1.3750255262217626,4000
8.0,pac,8000107,0.999645488531678,18.317766774178896,3998.0,3.7160088335492554,0.9988918417738464,8.981532048638588,0.8111440784422543,1.2234349914652975,4000
8.0,pac,8000108,0.999293986159135,18.86048592146153,2075.0,3.787619193831885,0.9985156246101956,8.162808720657516,0.7518842295384808,1.5147841538178803,4000
8.0,none,8000109,0.9995138165401596,17.113782119345935,3998.0,3.619676463701975,0.9994642059830332,10.547334528748872,0.8150329071725728,1.070326356653836,4000
8.0,none,8000110,0.9991199251936416,14.39324304855208,3998.0,3.4211064843013603,0.9993861978268151,10.241759227231382,0.8220596190080446,1.067999617657848,4000
8.0,none,8000111,0.9994814583982548,18.139399149398244,3998.0,3.695558878678662,0.9993156746650048,10.30318335453856,0.8030930420297278,1.0596667620336386,4000
8.0,none,8000112,0.999535459112828,17.693332141580264,3998.0,3.656933330637125,0.9993751420131788,9.963189489183373,0.8048858865776204,1.049125460861238,4000
8.0,none,8000113,0.9991951189167368,16.585746196316432,3155.0,3.601617684003988,0.9992395524150242,9.988641987842485,0.8139778257394406,1.054266850085262,4000
8.0,none,8000114,0.9994935571993464,17.077237851662403,3998.0,3.622705005786453,0.9994461561490388,10.348280939219384,0.8145238835418901,1.0806777294344736,4000
8.0,none,8000115,0.999641450308942,19.690886222910216,3998.0,3.7784686816203927,0.9995260267782592,10.514292357173304,0.8239424281480245,1.074932829644172,4000
8.0,none,8000116,0.9994771028025804,18.297341439070863,3998.0,3.702878039302767,0.9994027572294876,10.42794714658806,0.8162468185156654,1.0706094177458665,4000
8.0,none,8000117,0.9994717842676828,16.932312651087834,3998.0,3.606067612529415,0.9994254715139014,10.28303369050072,0.8198174262975267,1.0640228324191503,4000
8.0,none,8000118,0.9995919215487954,17.746122049868884,3998.0,3.658667142905538,0.999355336189048,10.000263049115029,0.8146186238363715,1.0540398336685086,4000
8.0,none,8000119,0.9986362256299992,17.223710189715856,2665.0,3.6334300162694992,0.9991538626171528,10.72402371921577,0.8219974480951934,1.0906449440096844,4000
8.0,none,8000120,0.9996185137995776,18.17526520990117,3998.0,3.6861991021339375,0.9994078237084948,10.17723977706966,0.7918895531736166,1.0465450111918937,4000
