window_s,kind,seed,DET,L,Lmax,ENTR,LAM,TT,RTE,n_windows,window_points,independence_ratio
0.5,pac,6000501,0.9988079984627588,24.002081889993494,244.81196581196585,3.0834460785122806,0.9910413599002308,4.652041006720698,0.9254792674852986,117,250,2.16747979903573
0.5,pac,6000502,0.998444827645332,24.793334387129068,244.7863247863248,3.0773982936515005,0.9917867269819388,4.623333517506825,0.9245163098093118,117,250,2.100222080563958
0.5,pac,6000503,0.998900263252302,25.255219429703583,243.2905982905983,3.095897734687344,0.9914710211752044,4.674351566262223,0.9262115942077906,117,250,2.183808966056408
0.5,pac,6000504,0.998034058572135,23.76809353191825,241.67521367521368,3.0891970089649026,0.9907520112182792,4.604504066411091,0.9239883954913188,117,250,2.161450195114166
0.5,pac,6000505,0.9988829253827474,25.19369091601024,245.25641025641025,3.0964218989695302,0.9914463698446389,4.615763252095032,0.9219307818486852,117,250,2.165770217663796
0.5,pac,6000506,0.998891705272722,24.634969544441955,243.8205128205128,3.123662794768883,0.9895956076064948,4.572655129851635,0.9183404422657068,117,250,2.1377034269345527
0.5,pac,6000507,0.9990465930824118,23.95460773393536,245.3760683760684,3.0833209660177987,0.9913027892749392,4.616126046299189,0.921721154997084,117,250,2.1619872869911667
0.5,pac,6000508,0.9987536134768352,24.55118350773468,242.3760683760684,3.064945475579988,0.9914285609031308,4.651816441289166,0.9232453095179048,117,250,2.136627853500209
0.5,none,6000509,0.9987204788230778,24.677404015891216,241.47863247863248,2.9581303675012416,0.996027872233439,4.814700331171325,0.935527197402948,117,250,2.0669725652523807
0.5,none,6000510,0.99825776423418,24.808704309058864,242.94017094017093,2.98787484118722,0.9965105423155064,4.813815966978119,0.9351588081345652,117,250,2.088641007512565
0.5,none,6000511,0.998497480304971,24.258701054738832,242.72649572649573,2.9571384162815773,0.9967992839446682,4.858612238571891,0.9385503459331078,117,250,2.115859546848529
0.5,none,6000512,0.9988453677559778,25.354545431968297,245.32478632478632,2.970804200529883,0.9964058288546872,4.853296039127379,0.9395931054576506,117,250,2.1011313994526217
0.5,none,6000513,0.9988460360665008,23.88164125526957,243.93162393162396,2.983953422160888,0.9967677958230312,4.790102625909687,0.9344614654979748,117,250,2.0473099716697374
0.5,none,6000514,0.9983684877970282,24.27007748308587,241.17094017094016,2.957932379306424,0.9959202719643284,4.800675252017069,0.934725012963393,117,250,2.084911475946772
0.5,none,6000515,0.9989097594400248,25.599303806639952,245.4957264957265,2.970420380602667,0.9971253599239408,4.865930980553672,0.938498198301952,117,250,2.132697799828531
0.5,none,6000516,0.9988328109702496,25.1380003159192,243.83760683760684,2.9930671573661254,0.9969138381864062,4.807294374777489,0.9371047160510788,117,250,2.097821478078645
1.0,pac,6001001,0.9991323301644368,22.26762067689331,490.36206896551727,3.50535158882441,0.9965888388382564,6.2819467962218525,0.8775532569080838,58,500,1.6630433695587363
1.0,pac,6001002,0.9987097406079052,20.330533691804234,477.0862068965517,3.451271039524243,0.9964390950811708,6.196541301339766,0.8847976052149464,58,500,1.6560916636453793
1.0,pac,6001003,0.9989922450961788,21.30376602840434,480.2931034482759,3.4735621133842858,0.9964713436986032,6.278368774928602,0.8870903687612764,58,500,1.6824309974389784
1.0,pac,6001004,0.998972251459182,21.57981053196902,482.9827586206897,3.5168366461348923,0.9964820432655144,6.137531120711399,0.8800353915836682,58,500,1.7217445293567477
1.0,pac,6001005,0.9987847272623204,21.04953298103089,487.5344827586207,3.4732822418572327,0.9963393997524246,6.204792511534265,0.882301278052561,58,500,1.671798723071315
1.0,pac,6001006,0.9993332014378878,21.8085766246204,484.7758620689655,3.511655095695998,0.996456265838938,6.220001536279015,0.8803599303141495,58,500,1.6654088489170222
1.0,pac,6001007,0.999029732756664,20.713453129839294,484.0172413793104,3.4654414739416177,0.9969952783583252,6.185925083362807,0.8822084473998444,58,500,1.648737919646865
1.0,pac,6001008,0.9990169658528596,21.7104707922125,485.44827586206895,3.519249691968352,0.9962990906968364,6.194684240741648,0.8786141902678095,58,500,1.710082809225712
1.0,none,6001009,0.9991383481283064,20.336818573139947,488.36206896551727,3.3723284999879524,0.9985171914541376,6.735653460929,0.8982702671668024,58,500,1.565582885756676
1.0,none,6001010,0.9990945015262348,20.266178892291503,481.7241379310345,3.372413592825335,0.9986666632302408,6.718440493582091,0.8981933513902637,58,500,1.579902903476312
1.0,none,6001011,0.9990594466751974,20.92819178567885,485.9655172413793,3.396352142019734,0.9985152058936148,6.761701774870177,0.900951530006446,58,500,1.5890697927636577
1.0,none,6001012,0.9988278971010932,20.789719766438317,491.8448275862069,3.369179273455244,0.9986058817020054,6.8139341537076845,0.8963974848170182,58,500,1.529584156475302
1.0,none,6001013,0.9990719265226248,21.29870285593868,495.8448275862069,3.4096921008815184,0.9986104297041069,6.8067818428194125,0.8968173222041795,58,500,1.5832264251493768
1.0,none,6001014,0.9990942053599704,20.52927298549901,486.7758620689655,3.377270784014541,0.998732445609589,6.7861332144551065,0.8974684457286245,58,500,1.536214528653289
1.0,none,6001015,0.9989041845050248,20.717358659220498,488.1034482758621,3.379417268313282,0.9983293784870484,6.769012103312792,0.901979574892141,58,500,1.549254120300397
1.0,none,6001016,0.9990110824201996,20.404684632584907,483.9827586206897,3.372860415032726,0.9985828009484576,6.777943426356763,0.9005915198839385,58,500,1.5632446814502503
2.0,pac,6002001,0.9992280732969692,19.643077841898894,966.3793103448276,3.655112580954106,0.9981588933398132,7.540182326033807,0.8569941840815694,29,1000,1.4688897151287743
2.0,pac,6002002,0.9993611576077942,19.97582966647859,942.8620689655172,3.674805509479856,0.9978974964156868,7.3243269444149375,0.8477082350717948,29,1000,1.501053981579791
2.0,pac,6002003,0.9993417618704404,20.098033277429533,937.6206896551724,3.683498226646572,0.9980174957015332,7.391086192516234,0.8456102396901094,29,1000,1.475624529736701
2.0,pac,6002004,0.9990728715315969,19.42939496327465,940.3103448275862,3.6418617184473225,0.997994717182471,7.36739104600564,0.844751792754522,29,1000,1.5549929634059267
2.0,pac,6002005,0.999226357585588,20.557411622450253,933.1724137931036,3.7031341138193934,0.9978432547601828,7.476175822992024,0.8407408067955174,29,1000,1.4736258517047738
2.0,pac,6002006,0.9994156483918368,19.67645800242891,991.3793103448276,3.6455869258426894,0.998304713931473,7.573734654204907,0.8507620236324481,29,1000,1.4574090400183377
2.0,pac,6002007,0.999161003473674,20.165851958094148,958.9655172413792,3.68309526214441,0.9979198618273296,7.506003212575687,0.8492274873324388,29,1000,1.4349688851465197
2.0,pac,6002008,0.9993563969750096,18.833855358235585,969.8275862068964,3.605066918679325,0.9982547285282114,7.4743930095058895,0.8479572219197082,29,1000,1.4589429391215532
2.0,none,6002009,0.9991341173578392,18.79556894550187,957.448275862069,3.557680869451143,0.9989537759651488,8.32978963673253,0.871957088227503,29,1000,1.2588771842131874
2.0,none,6002010,0.999178547221488,18.38104388529366,952.4137931034484,3.532601006797928,0.9990822030492722,8.391923083144912,0.8766307477372912,29,1000,1.2945925151587585
2.0,none,6002011,0.9992422350709804,18.122012842131863,961.3103448275862,3.5189446178594888,0.9989930058273168,8.334988653672308,0.8696515990473719,29,1000,1.2714674205467866
2.0,none,6002012,0.999247509267286,18.40522008427733,980.3103448275862,3.5233173188108453,0.9991384650185156,8.397011992538468,0.8750264005777886,29,1000,1.2730175547442757
2.0,none,6002013,0.9991219678993094,18.829990836601056,940.5862068965516,3.56109030914452,0.9989051323859216,8.354096312763222,0.868936513714846,29,1000,1.3120272287183314
2.0,none,6002014,0.9990981263250126,18.15421220712088,932.9310344827586,3.5145595227328825,0.9990683049173475,8.408260815705187,0.8739533856258189,29,1000,1.3200147411381056
2.0,none,6002015,0.9991511435067127,17.91671826020481,948.551724137931,3.5062086731513213,0.9990227700921932,8.380260405335628,0.8681045981024128,29,1000,1.2602640572854744
2.0,none,6002016,0.9992983931959794,18.5238481210969,957.4827586206897,3.542922393213473,0.9990621050132604,8.474322327917848,0.8804912340288901,29,1000,1.293321684399452
4.0,pac,6004001,0.9993751470752164,18.26826852592748,1876.0,3.6780604347136903,0.99858926910906,8.308594233095869,0.8204846467215295,14,2000,1.3290185215810708
4.0,pac,6004002,0.9994033855959286,19.04358920512328,1795.928571428571,3.712746619554552,0.9987759768723804,8.503223378014168,0.8221506576649384,14,2000,1.2960862237342083
4.0,pac,6004003,0.9993888852563978,18.80634583849849,1780.2857142857142,3.7046078229230326,0.9986705109196402,8.310788771089664,0.8192641904189262,14,2000,1.3282565167645537
4.0,pac,6004004,0.9995238894716482,18.95372794776997,1926.2142857142856,3.707095658398589,0.9986306465539312,8.216112177645991,0.8159047173023779,14,2000,1.309860938601963
4.0,pac,6004005,0.9994889126602532,19.69999211705396,1882.7857142857144,3.761281284597826,0.9985653626329664,8.261514603875556,0.8166161826349565,14,2000,1.3314045888741948
4.0,pac,6004006,0.999230515771186,19.24036984360976,1724.642857142857,3.738082221168821,0.9986024113534616,8.448629233093536,0.8144730379974704,14,2000,1.336152902664104
4.0,pac,6004007,0.9992960742609824,18.694625763778923,1771.071428571429,3.7073976892468186,0.998582262112952,8.362613222191989,0.8159382260398703,14,2000,1.3124887785328396
4.0,pac,6004008,0.99939339015583,18.99796657092637,1840.0,3.724157664740005,0.9984415904065472,8.225296809259008,0.8207197760565672,14,2000,1.349652628584858
4.0,none,6004009,0.9993487370538496,17.678160050269277,1639.357142857143,3.610417911281044,0.9992856871696374,9.406453076296248,0.8421155889177813,14,2000,1.1562949656637094
4.0,none,6004010,0.9993716376910292,17.721843482794835,1864.4285714285716,3.6143313336007448,0.9992882916404128,9.55282958879673,0.8451802996932516,14,2000,1.1575844974290217
4.0,none,6004011,0.9992618269939034,17.434218908176003,1833.4285714285716,3.594055871114872,0.999252490847248,9.426144347096846,0.8431003972355268,14,2000,1.127739519729394
4.0,none,6004012,0.999378850020252,17.799738135311962,1904.9285714285716,3.619293141401169,0.9992271094004348,9.309520526550658,0.843702850194863,14,2000,1.1477868353203522
4.0,none,6004013,0.9993894119923772,17.467765658455466,1913.2142857142856,3.592722185410481,0.9992538904758832,9.47660805999399,0.845633189097635,14,2000,1.147478504699017
4.0,none,6004014,0.9994005039236928,17.733666586057755,1910.7142857142856,3.614474786275117,0.9993113543237868,9.475175626505584,0.8483010658209553,14,2000,1.158102733133681
4.0,none,6004015,0.9991817122247972,17.070546367806173,1749.5,3.5721971420381244,0.9991200163335447,9.334577975106882,0.8385323946465771,14,2000,1.1259185751610017
4.0,none,6004016,0.999414587635328,18.039457305398997,1986.4285714285716,3.6206598747103,0.9992883657215093,9.597714058219958,0.84518058253121,14,2000,1.137986817422418
8.0,pac,6008001,0.9993527908352836,18.84291926109643,2979.8571428571427,3.754410797181287,0.9987486652767176,8.639535284997788,0.7795166185193331,7,4000,1.279619764025488
8.0,pac,6008002,0.999331897934373,19.11943800407092,2823.0,3.779571914365359,0.998789858448243,8.818858948626053,0.7823734863822269,7,4000,1.2745423276954768
8.0,pac,6008003,0.9993444396429224,18.316077025913955,3332.285714285714,3.723208114862133,0.9987269723809694,8.547354409254213,0.7832814344679354,7,4000,1.271198732129312
8.0,pac,6008004,0.9992051361914748,18.364418835794755,2832.5714285714284,3.736856629626412,0.9987121233092776,8.731017445465476,0.792119235045398,7,4000,1.2436500761628375
8.0,pac,6008005,0.9994615129437836,19.0397978216372,3489.714285714286,3.758916789454657,0.9989531392339293,8.98872294596237,0.7858297666425889,7,4000,1.2155628910496137
8.0,pac,6008006,0.999321986524174,18.41016896489676,2955.714285714286,3.7352601499615554,0.9987671860371656,8.749476068311068,0.7902450181858945,7,4000,1.2602210156819704
8.0,pac,6008007,0.9993215905737364,18.603870279979567,2766.428571428572,3.74475568013877,0.99884396977707,8.820639409464933,0.7920897564444668,7,4000,1.2485680874142149
8.0,pac,6008008,0.9994829519062984,18.642376288242968,3546.714285714286,3.7445871813582223,0.9989494283064708,8.889111814808592,0.7870060308120191,7,4000,1.2579206856162517
8.0,none,6008009,0.9994666495659138,17.22606810403415,3941.857142857143,3.6259445289821888,0.999343205619218,9.960688950330807,0.8041591999788579,7,4000,1.0663049068966244
8.0,none,6008010,0.9993001596591043,16.513058000276246,3399.428571428572,3.582593492619135,0.9992526337350968,10.076159817463866,0.815337366316856,7,4000,1.0604587929568974
8.0,none,6008011,0.999275138251818,17.034057242113267,2797.285714285714,3.6305766014403926,0.9991586014774726,9.928976862827666,0.8086542932772386,7,4000,1.076152015316563
8.0,none,6008012,0.9994040434569812,17.435035755013605,3578.0,3.645578540526181,0.9992820065092972,10.005152043950575,0.8145457457129727,7,4000,1.073556072269224
8.0,none,6008013,0.9993248507566038,16.38570196478452,3676.428571428572,3.579182509444295,0.9992444185275584,10.008240282934436,0.8168538820809724,7,4000,1.0724019556094095
8.0,none,6008014,0.9992346542880136,16.680560019208333,3041.5714285714284,3.604901334745719,0.999295823271504,10.18776040599653,0.8110868023937133,7,4000,1.081236174348206
8.0,none,6008015,0.9992844591304494,16.866227089650433,3075.714285714286,3.6191541966734087,0.9992537688882056,9.968956361764512,0.8076949168051465,7,4000,1.0538465307016878
8.0,none,6008016,0.9993762317663812,17.24740014180545,3314.714285714286,3.6418691885977625,0.9992832475847871,9.964642355594956,0.8062198949314847,7,4000,1.0723116689502987
